DateTime,Motor - DS
8/8/2022 10:17,0.006
8/8/2022 11:17,0.0069
8/8/2022 12:17,0.0265
8/8/2022 13:17,0.0074
8/8/2022 14:17,0.0071
8/8/2022 15:17,0.0069
8/8/2022 16:17,0.4705
8/8/2022 17:17,0.0077
8/8/2022 18:17,0.0076
8/8/2022 19:17,0.0073
8/8/2022 20:17,0.0071
8/8/2022 21:17,0.0074
8/8/2022 22:17,0.0074
8/8/2022 23:17,0.0072
8/9/2022 0:17,0.007
8/9/2022 1:17,0.0073
8/9/2022 2:17,0.0072
8/9/2022 3:17,0.0073
8/9/2022 4:17,0.0072
8/9/2022 5:17,0.0071
8/9/2022 6:17,0.007
8/9/2022 7:17,0.0072
8/9/2022 8:17,0.007
8/9/2022 9:17,0.0069
8/9/2022 10:17,0.007
8/9/2022 11:17,0.0071
8/9/2022 12:17,0.0071
8/9/2022 13:17,0.0073
8/9/2022 14:17,0.0073
8/9/2022 15:17,0.007
8/9/2022 16:17,0.0073
8/9/2022 17:17,0.0069
8/9/2022 18:17,0.0071
8/9/2022 19:17,0.0075
8/9/2022 20:17,0.0074
8/9/2022 21:17,0.0076
8/9/2022 22:17,0.0074
8/9/2022 23:17,0.0071
8/10/2022 0:17,0.0073
8/10/2022 1:17,0.0074
8/10/2022 2:17,0.0077
8/10/2022 3:17,0.0073
8/10/2022 4:17,0.0072
8/10/2022 5:17,0.0073
8/10/2022 6:17,0.0072
8/10/2022 7:17,0.0069
8/10/2022 8:17,0.0074
8/10/2022 9:17,0.0072
8/10/2022 10:17,0.007
8/10/2022 11:17,0.0071
8/10/2022 12:17,0.007
8/10/2022 13:17,0.0071
8/10/2022 14:17,0.0073
8/10/2022 15:17,0.0073
8/10/2022 16:17,0.0068
8/10/2022 17:17,0.0073
8/10/2022 18:17,0.007
8/10/2022 19:17,0.0071
8/10/2022 20:17,0.0072
8/10/2022 21:17,0.0071
8/10/2022 22:17,0.0073
8/10/2022 23:17,0.0071
8/11/2022 0:17,0.0073
8/11/2022 1:17,0.0068
8/11/2022 3:17,0.0073
8/11/2022 4:17,0.007
8/11/2022 5:17,0.007
8/11/2022 6:17,0.0071
8/11/2022 7:17,0.0069
8/11/2022 8:17,0.0073
8/11/2022 9:17,0.0069
8/11/2022 10:17,0.007
8/11/2022 11:17,0.007
8/11/2022 12:17,0.0068
8/11/2022 13:17,0.0068
8/11/2022 14:17,0.0068
8/11/2022 15:17,0.0067
8/11/2022 16:17,0.007
8/11/2022 17:17,0.0068
8/11/2022 18:17,0.0068
8/11/2022 19:17,0.0072
8/11/2022 20:17,0.007
8/11/2022 21:17,0.0072
8/11/2022 22:17,0.007
8/11/2022 23:17,0.0072
8/12/2022 0:17,0.0073
8/12/2022 1:17,0.0074
8/12/2022 2:17,0.0072
8/12/2022 3:17,0.007
8/12/2022 4:17,0.0072
8/12/2022 5:17,0.0074
8/12/2022 6:17,0.0074
8/12/2022 7:17,0.0071
8/12/2022 8:17,0.0072
8/12/2022 9:17,0.0071
8/12/2022 10:17,0.0071
8/12/2022 11:17,0.0073
8/12/2022 12:17,0.0071
8/12/2022 13:17,0.0071
8/12/2022 14:17,0.007
8/12/2022 15:17,0.007
8/12/2022 16:17,0.0073
8/12/2022 17:17,0.007
8/12/2022 18:17,0.0071
8/12/2022 19:17,0.007
8/12/2022 20:17,0.007
8/12/2022 22:17,0.0072
8/12/2022 23:17,0.0069
8/13/2022 0:17,0.007
8/13/2022 1:17,0.0069
8/13/2022 2:17,0.0069
8/13/2022 3:17,0.0069
8/13/2022 4:17,0.007
8/13/2022 5:17,0.0072
8/13/2022 6:17,0.0069
8/13/2022 7:17,0.0069
8/13/2022 8:17,0.0071
8/13/2022 9:17,0.0072
8/13/2022 10:17,0.007
8/13/2022 11:17,0.007
8/13/2022 12:17,0.007
8/13/2022 13:17,0.0073
8/13/2022 14:17,0.007
8/13/2022 15:17,0.0069
8/13/2022 16:17,0.007
8/13/2022 17:17,0.0069
8/13/2022 18:17,0.0073
8/13/2022 19:17,0.0073
8/13/2022 20:17,0.0069
8/13/2022 21:17,0.0069
8/13/2022 22:17,0.007
8/13/2022 23:17,0.0069
8/14/2022 0:17,0.007
8/14/2022 1:17,0.0069
8/14/2022 2:17,0.0073
8/14/2022 3:17,0.0074
8/14/2022 4:17,0.0074
8/14/2022 5:17,0.0073
8/14/2022 6:17,0.0072
8/14/2022 7:17,0.007
8/14/2022 8:17,0.007
8/14/2022 9:17,0.0069
8/14/2022 10:17,0.0251
8/14/2022 11:17,0.0252
8/14/2022 12:17,0.0068
8/14/2022 13:17,0.0069
8/14/2022 14:17,0.0068
8/14/2022 15:17,0.9145
8/14/2022 16:17,1.0878
8/14/2022 17:17,1.1459
8/14/2022 18:17,1.1391
8/14/2022 19:17,0.0071
8/14/2022 20:17,0.0068
8/14/2022 21:17,0.007
8/14/2022 22:17,0.007
8/14/2022 23:17,0.007
8/15/2022 0:17,0.007
8/15/2022 1:17,0.0249
8/15/2022 2:17,0.0247
8/15/2022 3:17,0.0255
8/15/2022 4:17,0.0259
8/15/2022 5:17,0.0249
8/15/2022 6:17,0.0259
8/15/2022 7:17,0.026
8/15/2022 8:17,0.0262
8/15/2022 9:17,0.0263
8/15/2022 10:17,0.0265
8/15/2022 11:17,0.0265
8/15/2022 12:17,0.0263
8/15/2022 13:17,0.0264
8/15/2022 14:17,0.0262
8/15/2022 15:17,0.0263
8/15/2022 16:17,0.0266
8/15/2022 17:17,0.0266
8/15/2022 18:17,0.0268
8/15/2022 19:17,0.0267
8/15/2022 20:17,0.0267
8/15/2022 21:17,0.027
8/15/2022 22:17,0.0269
8/15/2022 23:17,0.0271
8/16/2022 0:17,0.0273
8/16/2022 1:17,0.0272
8/16/2022 2:17,0.0273
8/16/2022 3:17,0.0273
8/16/2022 4:17,0.0272
8/16/2022 5:17,0.0269
8/16/2022 6:17,0.0271
8/16/2022 7:17,0.0274
8/16/2022 8:17,0.0272
8/16/2022 9:17,0.0269
8/16/2022 10:17,0.0273
8/16/2022 11:17,0.0271
8/16/2022 12:17,0.027
8/16/2022 13:17,0.007
8/16/2022 14:17,0.0073
8/16/2022 15:17,0.0258
8/16/2022 16:17,0.025
8/16/2022 17:17,0.0262
8/16/2022 18:17,0.0072
8/16/2022 19:17,0.0072
8/16/2022 20:17,0.0072
8/16/2022 21:17,0.007
8/16/2022 22:17,0.0074
8/16/2022 23:17,0.0073
8/17/2022 0:17,0.007
8/17/2022 1:17,0.0073
8/17/2022 2:17,0.0071
8/17/2022 3:17,0.0073
8/17/2022 4:17,0.0071
8/17/2022 5:17,0.0072
8/17/2022 6:17,0.007
8/17/2022 7:17,0.8819
8/17/2022 8:17,0.994
8/17/2022 9:17,1.0935
8/17/2022 10:17,1.129
8/17/2022 11:17,0.0073
8/17/2022 13:17,0.0071
8/17/2022 14:17,0.0073
8/17/2022 15:17,0.0272
8/17/2022 16:17,0.0071
8/17/2022 17:17,0.0073
8/17/2022 18:17,0.0071
8/17/2022 19:17,0.0072
8/17/2022 20:17,0.0072
8/17/2022 21:17,0.0073
8/17/2022 22:17,0.0075
8/17/2022 23:17,0.0265
8/18/2022 0:17,0.0072
8/18/2022 1:17,0.0072
8/18/2022 2:17,0.0072
8/18/2022 3:17,0.0068
8/18/2022 4:17,0.0071
8/18/2022 5:17,0.0072
8/18/2022 6:17,0.007
8/18/2022 7:17,0.0074
8/18/2022 8:17,0.0071
8/18/2022 9:17,0.0071
8/18/2022 10:17,0.0073
8/18/2022 11:17,0.0071
8/18/2022 12:17,0.007
8/18/2022 13:17,0.0071
8/18/2022 14:17,0.0071
8/18/2022 15:17,0.007
8/18/2022 16:17,0.0074
8/18/2022 17:17,0.0072
8/18/2022 18:17,0.0071
8/18/2022 19:17,0.0072
8/18/2022 20:17,0.007
8/18/2022 21:17,0.0073
8/18/2022 22:17,0.0072
8/18/2022 23:17,0.0072
8/19/2022 0:17,0.879
8/19/2022 1:17,0.9902
8/19/2022 2:17,1.0925
8/19/2022 3:17,1.1232
8/19/2022 4:17,1.1992
8/19/2022 5:17,1.1747
8/19/2022 6:17,1.175
8/19/2022 7:17,1.1813
8/19/2022 8:17,1.1861
8/19/2022 9:17,1.163
8/19/2022 10:17,1.1644
8/19/2022 11:17,1.1701
8/19/2022 12:17,1.1833
8/19/2022 13:17,1.1591
8/19/2022 14:17,1.1746
8/19/2022 15:17,1.1734
8/19/2022 16:17,1.1753
8/19/2022 17:17,1.21
8/19/2022 18:17,1.1627
8/19/2022 19:17,1.2173
8/19/2022 20:17,1.2038
8/19/2022 21:17,1.1838
8/19/2022 22:17,1.2081
8/19/2022 23:17,1.2182
8/20/2022 0:17,1.1857
8/20/2022 1:17,1.1683
8/20/2022 2:17,1.2051
8/20/2022 3:17,1.1921
8/20/2022 4:17,1.1868
8/20/2022 5:17,1.1611
8/20/2022 6:17,1.2025
8/20/2022 7:17,1.1785
8/20/2022 8:17,1.1863
8/20/2022 9:17,1.1902
8/20/2022 10:17,1.1643
8/20/2022 12:17,1.1626
8/20/2022 13:17,1.1623
8/20/2022 14:17,1.215
8/20/2022 15:17,1.1667
8/20/2022 16:17,1.1239
8/20/2022 17:17,1.1388
8/20/2022 18:17,1.1674
8/20/2022 19:17,1.1016
8/20/2022 20:17,1.1704
8/20/2022 21:17,1.1578
8/20/2022 22:17,1.1417
8/20/2022 23:17,1.1034
8/21/2022 0:17,1.1486
8/21/2022 1:17,1.1618
8/21/2022 2:17,1.164
8/21/2022 3:17,1.1326
8/21/2022 4:17,1.1224
8/21/2022 5:17,1.1846
8/21/2022 6:17,1.162
8/21/2022 7:17,1.1175
8/21/2022 8:17,1.1265
8/21/2022 9:17,1.1349
8/21/2022 10:17,1.1319
8/21/2022 11:17,1.1383
8/21/2022 12:17,1.1188
8/21/2022 13:17,1.0832
8/21/2022 14:17,1.1138
8/21/2022 15:17,1.0756
8/21/2022 16:17,1.0939
8/21/2022 17:17,1.1288
8/21/2022 18:17,1.1321
8/21/2022 19:17,1.1144
8/21/2022 21:17,1.1413
8/21/2022 22:17,1.1387
8/21/2022 23:17,1.1747
8/22/2022 0:17,1.101
8/22/2022 1:17,1.113
8/22/2022 2:17,1.1287
8/22/2022 3:17,1.1323
8/22/2022 4:17,1.0887
8/22/2022 5:17,1.1423
8/22/2022 6:17,1.131
8/22/2022 7:17,1.1374
8/22/2022 8:17,1.136
8/22/2022 9:17,1.1401
8/22/2022 10:17,1.0766
8/22/2022 11:17,1.1519
8/22/2022 12:17,1.151
8/22/2022 13:17,1.1003
8/22/2022 14:17,1.1192
8/22/2022 15:17,1.1106
8/22/2022 16:17,1.079
8/22/2022 17:17,1.1548
8/22/2022 18:17,1.1465
8/22/2022 19:17,1.1166
8/22/2022 20:17,1.0965
8/22/2022 21:17,1.0836
8/22/2022 22:17,1.1561
8/22/2022 23:17,1.0859
8/23/2022 0:17,1.1188
8/23/2022 1:17,1.0966
8/23/2022 2:17,1.1343
8/23/2022 3:17,1.1537
8/23/2022 4:17,1.1118
8/23/2022 5:17,1.1377
8/23/2022 6:17,1.0655
8/23/2022 7:17,1.1349
8/23/2022 8:17,1.1238
8/23/2022 9:17,1.1469
8/23/2022 10:17,1.1105
8/23/2022 11:17,1.0961
8/23/2022 12:17,1.101
8/23/2022 13:17,1.0935
8/23/2022 14:17,1.1023
8/23/2022 15:17,1.1083
8/23/2022 16:17,1.1415
8/23/2022 17:17,1.1338
8/23/2022 18:17,1.1301
8/23/2022 19:17,1.1558
8/23/2022 20:17,1.1419
8/23/2022 21:17,1.1745
8/23/2022 22:17,1.1016
8/23/2022 23:17,1.1256
8/24/2022 0:17,1.1436
8/24/2022 1:17,1.088
8/24/2022 2:17,1.1046
8/24/2022 3:17,1.091
8/24/2022 4:17,1.0786
8/24/2022 5:17,1.1291
8/24/2022 6:17,1.0903
8/24/2022 8:17,1.1178
8/24/2022 9:17,1.1161
8/24/2022 10:17,1.1167
8/24/2022 11:17,1.1049
8/24/2022 12:17,1.1009
8/24/2022 13:17,1.0913
8/24/2022 14:17,1.1262
8/24/2022 15:17,1.125
8/24/2022 16:17,1.1073
8/24/2022 17:17,1.1211
8/24/2022 18:17,1.1229
8/24/2022 19:17,1.1077
8/24/2022 20:17,1.1076
8/24/2022 21:17,1.1425
8/24/2022 22:17,1.1226
8/24/2022 23:17,1.116
8/25/2022 0:17,1.0994
8/25/2022 1:17,1.1065
8/25/2022 2:17,1.1256
8/25/2022 3:17,1.1117
8/25/2022 4:17,1.1153
8/25/2022 5:17,1.099
8/25/2022 6:17,1.1078
8/25/2022 7:17,1.0829
8/25/2022 8:17,1.1138
8/25/2022 9:17,1.1335
8/25/2022 10:17,1.0989
8/25/2022 11:17,1.1118
8/25/2022 12:17,1.1165
8/25/2022 13:17,1.1171
8/25/2022 14:17,1.0955
8/25/2022 15:17,1.1033
8/25/2022 16:17,1.1156
8/25/2022 17:17,1.1458
8/25/2022 19:17,1.0999
8/25/2022 20:17,1.0991
8/25/2022 21:17,1.1092
8/25/2022 22:17,1.1016
8/25/2022 23:17,1.1102
8/26/2022 0:17,1.1305
8/26/2022 1:17,1.0986
8/26/2022 2:17,1.1058
8/26/2022 3:17,1.0862
8/26/2022 4:17,1.1102
8/26/2022 5:17,1.0904
8/26/2022 6:17,1.094
8/26/2022 7:17,1.0894
8/26/2022 8:17,1.1097
8/26/2022 9:17,1.1141
8/26/2022 10:17,1.1039
8/26/2022 11:17,1.1191
8/26/2022 12:17,1.0986
8/26/2022 13:17,1.1088
8/26/2022 14:17,1.0854
8/26/2022 15:17,1.1366
8/26/2022 16:17,1.0946
8/26/2022 17:17,1.0639
8/26/2022 18:17,1.1039
8/26/2022 19:17,1.0908
8/26/2022 20:17,1.1083
8/26/2022 21:17,1.135
8/26/2022 22:17,1.0969
8/26/2022 23:17,1.115
8/27/2022 0:17,1.0984
8/27/2022 1:17,1.0665
8/27/2022 2:17,1.0749
8/27/2022 3:17,1.0804
8/27/2022 4:17,1.1128
8/27/2022 5:17,1.1156
8/27/2022 6:17,1.1108
8/27/2022 7:17,1.1379
8/27/2022 8:17,1.0876
8/27/2022 9:17,1.0923
8/27/2022 10:17,1.1053
8/27/2022 11:17,1.1098
8/27/2022 12:17,1.1027
8/27/2022 13:17,1.0738
8/27/2022 14:17,1.0851
8/27/2022 15:17,1.113
8/27/2022 16:17,1.0901
8/27/2022 17:17,1.0886
8/27/2022 18:17,1.1204
8/27/2022 19:17,1.1072
8/27/2022 20:17,1.109
8/27/2022 22:17,1.1019
8/27/2022 23:17,1.1028
8/28/2022 0:17,1.1049
8/28/2022 1:17,1.0999
8/28/2022 2:32,1.1036
8/28/2022 3:32,1.1146
8/28/2022 4:32,1.0977
8/28/2022 5:32,1.1087
8/28/2022 6:32,1.1203
8/28/2022 7:32,1.1191
8/28/2022 8:32,1.1346
8/28/2022 9:32,1.1179
8/28/2022 10:32,1.0876
8/28/2022 11:32,1.1079
8/28/2022 12:32,1.0905
8/28/2022 13:32,1.1022
8/28/2022 14:32,1.0745
8/28/2022 15:32,1.0964
8/28/2022 16:32,1.0824
8/28/2022 17:32,1.1045
8/28/2022 18:32,1.1225
8/28/2022 19:32,1.1018
8/28/2022 20:32,1.1214
8/28/2022 21:32,1.1149
8/28/2022 22:32,1.1211
8/28/2022 23:32,1.1051
8/29/2022 0:32,1.1078
8/29/2022 1:32,1.1062
8/29/2022 2:32,1.0885
8/29/2022 3:32,1.107
8/29/2022 4:32,1.1204
8/29/2022 5:32,1.0993
8/29/2022 6:32,1.0919
8/29/2022 7:32,1.0766
8/29/2022 8:32,1.114
8/29/2022 9:32,1.0765
8/29/2022 10:32,1.058
8/29/2022 11:32,1.0602
8/29/2022 12:32,1.0741
8/29/2022 13:32,1.0814
8/29/2022 14:32,1.0834
8/29/2022 15:32,1.0775
8/29/2022 16:32,1.1053
8/29/2022 17:32,1.1038
8/29/2022 18:32,1.1086
8/29/2022 19:32,1.1048
8/29/2022 20:32,1.1092
8/29/2022 21:32,1.1037
8/29/2022 22:32,1.1154
8/29/2022 23:32,1.0843
8/30/2022 0:32,1.1007
8/30/2022 1:32,1.109
8/30/2022 2:32,1.0943
8/30/2022 3:32,1.0926
8/30/2022 4:32,1.1235
8/30/2022 6:32,1.0949
8/30/2022 7:32,1.1065
8/30/2022 8:32,1.0874
8/30/2022 9:32,1.0959
8/30/2022 10:32,1.102
8/30/2022 11:32,1.1232
8/30/2022 12:32,1.0929
8/30/2022 13:32,1.1188
8/30/2022 14:32,1.1301
8/30/2022 15:32,1.088
8/30/2022 16:32,1.1097
8/30/2022 17:32,1.0903
8/30/2022 18:32,1.0999
8/30/2022 19:32,1.0871
8/30/2022 20:32,1.1154
8/30/2022 21:32,1.0762
8/30/2022 22:32,1.0999
8/30/2022 23:32,1.1225
8/31/2022 0:32,1.1024
8/31/2022 1:32,1.1098
8/31/2022 2:32,1.1057
8/31/2022 3:32,1.1381
8/31/2022 4:32,1.1091
8/31/2022 5:32,1.0989
8/31/2022 6:32,1.0967
8/31/2022 7:32,1.1111
8/31/2022 8:32,1.0927
8/31/2022 9:32,1.0862
8/31/2022 10:32,1.0796
8/31/2022 11:32,1.1107
8/31/2022 12:32,1.0946
8/31/2022 13:32,1.1036
8/31/2022 14:32,1.1063
8/31/2022 15:32,1.1177
8/31/2022 16:32,1.1016
8/31/2022 17:32,1.1132
8/31/2022 18:32,1.1068
8/31/2022 19:32,1.1044
8/31/2022 20:32,1.1502
8/31/2022 21:32,1.1361
8/31/2022 22:32,1.0922
8/31/2022 23:32,1.1106
9/1/2022 0:32,1.1415
9/1/2022 1:32,1.0908
9/1/2022 2:32,1.1007
9/1/2022 3:32,1.0918
9/1/2022 4:32,1.0733
9/1/2022 5:32,1.0906
9/1/2022 6:32,1.0976
9/1/2022 7:32,1.0782
9/1/2022 8:32,1.0969
9/1/2022 9:32,1.1193
9/1/2022 10:32,1.0844
9/1/2022 11:32,1.1012
9/1/2022 12:32,1.0848
9/1/2022 13:32,1.1026
9/1/2022 14:32,1.0686
9/1/2022 15:32,1.1277
9/1/2022 16:32,1.1364
9/1/2022 17:32,1.0941
9/1/2022 18:32,1.056
9/1/2022 19:32,1.0873
9/1/2022 20:32,1.1237
9/1/2022 21:32,1.124
9/1/2022 22:32,1.0945
9/1/2022 23:32,1.0916
9/2/2022 0:32,1.1216
9/2/2022 1:32,1.1004
9/2/2022 2:32,1.119
9/2/2022 3:32,1.0768
9/2/2022 4:32,1.137
9/2/2022 5:32,1.1077
9/2/2022 6:32,1.0956
9/2/2022 7:32,1.0941
9/2/2022 8:32,1.1228
9/2/2022 9:32,1.0995
9/2/2022 10:32,1.1057
9/2/2022 11:32,1.1134
9/2/2022 12:32,1.1405
9/2/2022 13:32,1.1364
9/2/2022 14:32,1.0941
9/2/2022 15:32,1.0915
9/2/2022 16:32,1.1115
9/2/2022 17:32,1.1341
9/2/2022 18:32,1.1031
9/2/2022 19:32,1.104
9/2/2022 20:32,1.1206
9/2/2022 21:32,1.1629
9/2/2022 22:32,1.0975
9/2/2022 23:32,1.1118
9/3/2022 0:32,1.1207
9/3/2022 1:32,1.1221
9/3/2022 2:32,1.0653
9/3/2022 3:32,1.115
9/3/2022 4:32,1.125
9/3/2022 5:32,1.1144
9/3/2022 6:32,1.1106
9/3/2022 7:32,1.0883
9/3/2022 8:32,1.103
9/3/2022 9:32,1.1383
9/3/2022 10:32,1.1339
9/3/2022 11:32,1.1494
9/3/2022 12:32,1.1311
9/3/2022 13:32,1.1085
9/3/2022 14:32,1.1287
9/3/2022 15:32,1.1024
9/3/2022 16:32,1.1168
9/3/2022 17:32,1.1151
9/3/2022 18:32,1.0971
9/3/2022 19:32,1.149
9/3/2022 20:32,1.1558
9/3/2022 21:32,1.1433
9/3/2022 22:32,1.1037
9/3/2022 23:32,1.1145
9/4/2022 0:32,1.1016
9/4/2022 1:32,1.1038
9/4/2022 2:32,1.1193
9/4/2022 3:32,1.1282
9/4/2022 5:32,1.1192
9/4/2022 6:32,1.104
9/4/2022 7:32,1.0882
9/4/2022 8:32,1.0889
9/4/2022 9:32,1.0793
9/4/2022 10:32,1.0865
9/4/2022 11:32,1.0983
9/4/2022 12:32,1.1078
9/4/2022 13:32,1.0898
9/4/2022 14:32,1.1148
9/4/2022 15:32,1.0968
9/4/2022 16:32,1.0917
9/4/2022 17:32,1.106
9/4/2022 18:32,1.1133
9/4/2022 19:32,1.1212
9/4/2022 20:32,1.1353
9/4/2022 21:32,1.1168
9/4/2022 22:32,1.1232
9/4/2022 23:32,1.1082
9/5/2022 0:32,1.0948
9/5/2022 1:32,1.093
9/5/2022 2:32,1.1053
9/5/2022 3:32,1.1035
9/5/2022 4:32,1.1031
9/5/2022 5:32,1.0958
9/5/2022 6:32,1.1369
9/5/2022 7:32,1.128
9/5/2022 8:32,1.1204
9/5/2022 9:32,1.0992
9/5/2022 10:32,1.1196
9/5/2022 11:32,1.1363
9/5/2022 12:32,1.1125
9/5/2022 13:32,1.1163
9/5/2022 14:32,1.1226
9/5/2022 15:32,1.1135
9/5/2022 16:32,1.11
9/5/2022 17:32,1.1125
9/5/2022 18:32,1.1449
9/5/2022 19:32,0.8756
9/5/2022 20:32,0.8823
9/5/2022 21:32,0.8565
9/5/2022 22:32,0.0077
9/5/2022 23:32,0.0075
9/6/2022 0:32,0.0071
9/6/2022 1:32,0.0074
9/6/2022 2:32,0.0073
9/6/2022 3:32,0.8776
9/6/2022 4:32,0.9364
9/6/2022 5:32,1.1467
9/6/2022 6:32,1.1717
9/6/2022 7:32,0.0073
9/6/2022 8:32,0.0077
9/6/2022 9:32,0.0073
9/6/2022 10:32,0.0074
9/6/2022 11:32,0.0265
9/6/2022 12:32,0.0075
9/6/2022 13:32,0.0261
9/6/2022 14:32,0.0255
9/6/2022 15:32,0.0074
9/6/2022 17:32,0.0071
9/6/2022 18:32,0.0073
9/6/2022 19:32,0.0073
9/6/2022 20:32,0.0074
9/6/2022 21:32,0.0072
9/6/2022 22:32,0.0072
9/6/2022 23:32,0.0074
9/7/2022 0:32,0.0071
9/7/2022 1:32,0.0071
9/7/2022 2:32,0.0071
9/7/2022 3:32,0.0069
9/7/2022 4:32,0.0071
9/7/2022 5:32,0.0069
9/7/2022 6:32,0.0073
9/7/2022 7:32,0.0071
9/7/2022 9:54,0.0072
9/7/2022 10:54,0.0075
9/7/2022 11:54,0.0074
9/7/2022 12:54,0.0077
9/7/2022 13:54,0.0072
9/7/2022 14:54,0.888
9/7/2022 15:54,0.9606
9/7/2022 16:54,1.0892
9/7/2022 17:54,1.1709
9/7/2022 18:54,1.2441
9/7/2022 19:54,1.2259
9/7/2022 20:54,1.2313
9/7/2022 21:54,1.2448
9/7/2022 22:54,1.2798
9/7/2022 23:54,1.1898
9/8/2022 0:54,1.1949
9/8/2022 1:54,1.2306
9/8/2022 2:54,1.1521
9/8/2022 3:54,1.2561
9/8/2022 4:54,1.2121
9/8/2022 5:54,1.2102
9/8/2022 6:54,1.2311
9/8/2022 7:54,1.2301
9/8/2022 8:54,1.2846
9/8/2022 9:54,1.2706
9/8/2022 10:54,1.2449
9/8/2022 11:54,1.1301
9/8/2022 12:54,1.1289
9/8/2022 13:54,1.1224
9/8/2022 14:54,1.134
9/8/2022 15:54,1.1531
9/8/2022 16:54,1.1147
9/8/2022 17:54,1.1105
9/8/2022 18:54,1.1015
9/8/2022 19:54,1.1248
9/8/2022 20:54,1.1591
9/8/2022 21:54,1.1146
9/8/2022 22:54,1.1516
9/8/2022 23:54,1.0854
9/9/2022 0:54,1.1422
9/9/2022 1:54,1.1312
9/9/2022 2:54,1.1004
9/9/2022 3:54,1.1863
9/9/2022 4:54,1.1171
9/9/2022 5:54,1.1009
9/9/2022 6:54,1.1066
9/9/2022 7:54,1.1015
9/9/2022 8:54,1.148
9/9/2022 9:54,1.0964
9/9/2022 10:54,1.1041
9/9/2022 11:54,1.1098
9/9/2022 12:54,1.1106
9/9/2022 13:54,1.1277
9/9/2022 14:54,1.1296
9/9/2022 15:54,1.0928
9/9/2022 16:54,1.1385
9/9/2022 17:54,1.1449
9/9/2022 18:54,1.1339
9/9/2022 19:54,1.1457
9/9/2022 20:54,1.2077
9/9/2022 21:54,1.1199
9/9/2022 22:54,1.156
9/9/2022 23:54,1.0851
9/10/2022 0:54,1.1067
9/10/2022 1:54,1.1528
9/10/2022 2:54,1.1632
9/10/2022 3:54,1.1259
9/10/2022 4:54,1.1433
9/10/2022 5:54,1.1416
9/10/2022 6:54,1.1273
9/10/2022 7:54,1.1013
9/10/2022 8:54,1.1216
9/10/2022 9:54,1.113
9/10/2022 10:54,1.1601
9/10/2022 11:54,1.1237
9/10/2022 12:54,1.143
9/10/2022 13:54,1.1105
9/10/2022 14:54,1.1453
9/10/2022 15:54,1.116
9/10/2022 16:54,1.13
9/10/2022 17:54,1.1313
9/10/2022 18:54,1.0864
9/10/2022 19:54,1.1125
9/10/2022 20:54,1.1186
9/10/2022 21:54,1.1351
9/10/2022 22:54,1.1261
9/10/2022 23:54,1.1852
9/11/2022 0:54,1.1147
9/11/2022 1:54,1.1074
9/11/2022 2:54,1.1448
9/11/2022 3:54,1.1335
9/11/2022 4:54,1.1254
9/11/2022 5:54,1.1501
9/11/2022 6:54,1.1259
9/11/2022 7:54,1.1388
9/11/2022 8:54,1.1341
9/11/2022 9:54,1.1529
9/11/2022 10:54,1.1334
9/11/2022 11:54,1.1527
9/11/2022 12:54,1.1488
9/11/2022 13:54,1.1658
9/11/2022 14:54,1.1467
9/11/2022 15:54,1.1018
9/11/2022 16:54,1.158
9/11/2022 17:54,1.1254
9/11/2022 18:54,1.146
9/11/2022 19:54,1.1376
9/11/2022 20:54,1.1265
9/11/2022 21:54,1.1485
9/11/2022 22:54,1.1374
9/11/2022 23:54,1.1669
9/12/2022 0:54,1.1576
9/12/2022 1:54,1.1763
9/12/2022 2:54,1.1632
9/12/2022 3:54,1.1619
9/12/2022 4:54,1.1596
9/12/2022 6:54,1.131
9/12/2022 7:54,1.129
9/12/2022 8:54,1.1458
9/12/2022 9:54,1.1231
9/12/2022 10:54,1.1414
9/12/2022 11:54,1.1422
9/12/2022 12:54,1.1474
9/12/2022 13:54,1.1593
9/12/2022 14:54,1.1529
9/12/2022 15:54,1.1514
9/12/2022 16:54,1.1722
9/12/2022 17:54,1.168
9/12/2022 18:54,1.1606
9/12/2022 19:54,1.1591
9/12/2022 20:54,1.1628
9/12/2022 21:54,1.1882
9/12/2022 22:54,1.155
9/12/2022 23:54,1.1525
9/13/2022 0:54,1.1484
9/13/2022 1:54,1.1544
9/13/2022 2:54,1.1406
9/13/2022 3:54,1.1559
9/13/2022 4:54,1.1403
9/13/2022 5:54,1.1561
9/13/2022 6:54,1.1449
9/13/2022 7:54,1.1474
9/13/2022 8:54,1.1604
9/13/2022 9:54,1.1511
9/13/2022 10:54,1.1644
9/13/2022 11:54,1.1597
9/13/2022 12:54,1.1315
9/13/2022 13:54,1.1615
9/13/2022 14:54,1.1294
9/13/2022 15:54,1.1717
9/13/2022 16:54,1.1581
9/13/2022 17:54,1.1832
9/13/2022 18:54,1.1703
9/13/2022 19:54,1.1565
9/13/2022 20:54,1.1528
9/13/2022 21:54,1.1735
9/13/2022 22:54,1.1693
9/13/2022 23:54,1.15
9/14/2022 0:54,1.172
9/14/2022 1:54,1.1254
9/14/2022 2:54,1.1713
9/14/2022 3:54,1.1489
9/14/2022 4:54,1.174
9/14/2022 5:54,1.1644
9/14/2022 6:54,1.1445
9/14/2022 7:54,1.1098
9/14/2022 8:54,1.1555
9/14/2022 9:54,1.1242
9/14/2022 10:54,1.1486
9/14/2022 11:54,1.192
9/14/2022 12:54,1.1671
9/14/2022 13:54,1.1716
9/14/2022 14:54,1.1603
9/14/2022 15:54,1.1551
9/14/2022 16:54,1.1541
9/14/2022 17:54,1.1531
9/14/2022 18:54,1.1642
9/14/2022 19:54,1.164
9/14/2022 20:54,1.1539
9/14/2022 21:54,1.1518
9/14/2022 22:54,1.1648
9/14/2022 23:54,1.1577
9/15/2022 0:54,1.1646
9/15/2022 1:54,1.1735
9/15/2022 2:54,1.1704
9/15/2022 3:54,1.1558
9/15/2022 4:54,1.1677
9/15/2022 5:54,1.1601
9/15/2022 6:54,1.1397
9/15/2022 7:54,1.1396
9/15/2022 8:54,1.164
9/15/2022 9:54,1.178
9/15/2022 10:54,1.1619
9/15/2022 11:54,1.133
9/15/2022 12:54,1.1287
9/15/2022 13:54,1.1317
9/15/2022 14:54,1.1355
9/15/2022 15:54,1.1471
9/15/2022 16:54,1.1468
9/15/2022 17:54,1.1568
9/15/2022 18:54,1.1613
9/15/2022 19:54,1.1694
9/15/2022 20:54,1.148
9/15/2022 21:54,1.1462
9/15/2022 22:54,1.1627
9/15/2022 23:54,1.1526
9/16/2022 0:54,1.1409
9/16/2022 1:54,1.1722
9/16/2022 2:54,1.1847
9/16/2022 3:54,1.1256
9/16/2022 4:54,1.1527
9/16/2022 5:54,1.1227
9/16/2022 6:54,1.128
9/16/2022 7:54,1.1354
9/16/2022 8:54,1.1788
9/16/2022 9:54,1.155
9/16/2022 10:54,1.1497
9/16/2022 11:54,1.1386
9/16/2022 12:54,1.1347
9/16/2022 13:54,1.1261
9/16/2022 14:54,1.1285
9/16/2022 15:54,1.1497
9/16/2022 16:54,1.1448
9/16/2022 17:54,1.1702
9/16/2022 18:54,1.1489
9/16/2022 19:54,1.1394
9/16/2022 20:54,1.1454
9/16/2022 21:54,1.1667
9/16/2022 23:54,1.1751
9/17/2022 0:54,1.1568
9/17/2022 1:54,1.1254
9/17/2022 2:54,1.1575
9/17/2022 3:54,1.1556
9/17/2022 4:54,1.1367
9/17/2022 5:54,1.1375
9/17/2022 6:54,1.1187
9/17/2022 7:54,1.1541
9/17/2022 8:54,1.1723
9/17/2022 9:54,1.1756
9/17/2022 10:54,1.1608
9/17/2022 11:54,1.1452
9/17/2022 12:54,1.1483
9/17/2022 13:54,1.1408
9/17/2022 14:54,1.1466
9/17/2022 15:54,1.168
9/17/2022 16:54,1.1372
9/17/2022 17:54,1.1751
9/17/2022 18:54,1.147
9/17/2022 19:54,1.1507
9/17/2022 20:54,1.1409
9/17/2022 21:54,1.161
9/17/2022 22:54,1.1687
9/17/2022 23:54,1.166
9/18/2022 0:54,1.1763
9/18/2022 1:54,1.1691
9/18/2022 2:54,1.1718
9/18/2022 3:54,1.1439
9/18/2022 4:54,1.1703
9/18/2022 5:54,1.134
9/18/2022 6:54,1.1474
9/18/2022 7:54,1.175
9/18/2022 8:54,1.1683
9/18/2022 9:54,1.1531
9/18/2022 10:54,1.159
9/18/2022 11:54,1.144
9/18/2022 12:54,1.1357
9/18/2022 13:54,1.1283
9/18/2022 14:54,1.1344
9/18/2022 15:54,1.13
9/18/2022 16:54,1.1736
9/18/2022 17:54,1.1498
9/18/2022 18:54,1.1866
9/18/2022 19:54,1.1479
9/18/2022 20:54,1.1549
9/18/2022 21:54,1.1636
9/18/2022 22:54,1.1491
9/18/2022 23:54,1.1588
9/19/2022 0:54,1.1653
9/19/2022 1:54,1.1655
9/19/2022 2:54,1.15
9/19/2022 3:54,1.1597
9/19/2022 4:54,1.124
9/19/2022 5:54,1.1599
9/19/2022 6:54,1.158
9/19/2022 7:54,1.152
9/19/2022 8:54,1.1504
9/19/2022 9:54,1.1582
9/19/2022 10:54,1.1487
9/19/2022 11:54,1.1528
9/19/2022 12:54,1.174
9/19/2022 13:54,1.1768
9/19/2022 14:54,1.1719
9/19/2022 15:54,1.1607
9/19/2022 16:54,1.1321
9/19/2022 17:54,1.1846
9/19/2022 18:54,1.1745
9/19/2022 19:54,1.1708
9/19/2022 20:54,1.1806
9/19/2022 21:54,1.1573
9/19/2022 22:54,1.1571
9/19/2022 23:54,1.1804
9/20/2022 0:54,1.1884
9/20/2022 1:54,1.1848
9/20/2022 2:54,1.1552
9/20/2022 3:54,1.1693
9/20/2022 4:54,1.1513
9/20/2022 5:54,1.2051
9/20/2022 6:54,1.154
9/20/2022 7:54,1.1469
9/20/2022 8:54,1.1595
9/20/2022 9:54,1.1705
9/20/2022 10:54,1.1512
9/20/2022 11:54,1.1636
9/20/2022 12:54,1.1583
9/20/2022 13:54,1.1692
9/20/2022 14:54,1.1904
9/20/2022 15:54,1.1504
9/20/2022 16:54,1.1774
9/20/2022 17:54,1.1584
9/20/2022 18:54,1.1579
9/20/2022 19:54,1.183
9/20/2022 20:54,1.1766
9/20/2022 21:54,1.1455
9/20/2022 22:54,1.1779
9/20/2022 23:54,1.1759
9/21/2022 0:54,1.1633
9/21/2022 1:54,1.1735
9/21/2022 2:54,1.1727
9/21/2022 3:54,1.1567
9/21/2022 4:54,1.1504
9/21/2022 5:54,1.1561
9/21/2022 7:24,1.1487
9/21/2022 8:24,1.166
9/21/2022 9:24,1.1568
9/21/2022 10:24,1.1961
9/21/2022 11:24,1.134
9/21/2022 12:24,1.1785
9/21/2022 13:24,1.1489
9/21/2022 14:24,1.1518
9/21/2022 15:24,1.1746
9/21/2022 16:24,1.1627
9/21/2022 17:24,1.1829
9/21/2022 18:24,1.1657
9/21/2022 19:24,1.1555
9/21/2022 20:24,1.1816
9/21/2022 21:24,1.1589
9/21/2022 22:24,1.1864
9/21/2022 23:24,1.1438
9/22/2022 0:24,1.1547
9/22/2022 1:24,1.191
9/22/2022 2:24,1.1911
9/22/2022 3:24,1.167
9/22/2022 4:24,1.1518
9/22/2022 5:24,1.1641
9/22/2022 6:24,1.1634
9/22/2022 7:24,1.2217
9/22/2022 8:24,1.171
9/22/2022 9:24,1.1813
9/22/2022 10:24,1.1592
9/22/2022 11:24,1.1555
9/22/2022 12:24,1.1813
9/22/2022 13:24,1.1579
9/22/2022 14:24,1.1606
9/22/2022 15:24,1.1416
9/22/2022 16:24,1.1682
9/22/2022 17:24,1.1552
9/22/2022 18:24,1.142
9/22/2022 19:24,1.2103
9/22/2022 20:24,1.1751
9/22/2022 21:24,1.1887
9/22/2022 22:24,1.1594
9/22/2022 23:24,1.1714
9/23/2022 0:24,1.2003
9/23/2022 1:24,1.1637
9/23/2022 2:24,1.1722
9/23/2022 3:24,1.1722
9/23/2022 4:24,1.1832
9/23/2022 5:24,1.1984
9/23/2022 6:24,1.1776
9/23/2022 7:24,1.1632
9/23/2022 8:39,1.1459
9/23/2022 9:39,1.1757
9/23/2022 10:39,1.1794
9/23/2022 11:39,1.186
9/23/2022 12:39,1.1988
9/23/2022 13:39,1.1738
9/23/2022 14:39,1.1861
9/23/2022 15:39,1.1581
9/23/2022 16:39,1.1753
9/23/2022 17:39,1.1576
9/23/2022 18:39,1.1942
9/23/2022 19:39,1.1889
9/23/2022 20:39,1.1989
9/23/2022 21:39,1.2024
9/23/2022 22:39,1.1897
9/23/2022 23:39,1.2072
9/24/2022 0:39,1.1995
9/24/2022 1:39,1.1863
9/24/2022 3:39,1.2102
9/24/2022 4:39,1.2072
9/24/2022 5:39,1.2119
9/24/2022 6:39,1.2179
9/24/2022 7:39,1.1841
9/24/2022 8:39,1.1958
9/24/2022 9:39,1.2017
9/24/2022 10:39,1.1873
9/24/2022 11:39,1.2
9/24/2022 12:39,1.1735
9/24/2022 13:39,1.1895
9/24/2022 14:39,1.1609
9/24/2022 15:39,1.1859
9/24/2022 16:39,1.1797
9/24/2022 17:39,1.1705
9/24/2022 18:39,1.1764
9/24/2022 19:39,0.831
9/24/2022 20:39,0.8269
9/24/2022 21:39,0.8157
9/24/2022 22:39,0.8441
9/24/2022 23:39,0.0074
9/25/2022 0:39,0.0073
9/25/2022 1:39,0.0069
9/25/2022 2:39,0.0068
9/25/2022 3:39,0.0069
9/25/2022 4:39,0.0069
9/25/2022 5:39,0.007
9/25/2022 6:39,0.0069
9/25/2022 7:54,0.007
9/25/2022 8:54,0.0068
9/25/2022 10:54,0.0069
9/25/2022 11:54,0.0069
9/25/2022 12:54,0.007
9/25/2022 13:54,0.0069
9/25/2022 14:54,0.0071
9/25/2022 15:54,0.007
9/25/2022 16:54,0.0067
9/25/2022 17:54,0.0068
9/25/2022 18:54,0.0069
9/25/2022 19:54,0.0068
9/25/2022 20:54,0.0071
9/25/2022 21:54,0.007
9/25/2022 22:54,0.0068
9/25/2022 23:54,0.007
9/26/2022 0:54,0.0068
9/26/2022 1:54,0.0069
9/26/2022 2:54,0.0067
9/26/2022 3:54,0.007
9/26/2022 4:54,0.007
9/26/2022 5:54,0.0069
9/26/2022 6:54,0.0069
9/26/2022 7:54,0.0067
9/26/2022 8:54,0.0069
9/26/2022 9:54,0.0067
9/26/2022 10:54,0.8458
9/26/2022 11:54,0.9783
9/26/2022 13:09,1.1033
9/26/2022 14:39,0.0074
9/26/2022 15:39,0.0073
9/26/2022 16:39,0.0069
9/26/2022 17:39,0.007
9/26/2022 18:39,0.0069
9/26/2022 19:39,0.007
9/26/2022 20:39,0.0071
9/26/2022 21:39,0.007
9/26/2022 22:39,0.007
9/26/2022 23:39,0.0069
9/27/2022 0:39,0.0068
9/27/2022 1:39,0.0069
9/27/2022 2:39,0.0068
9/27/2022 3:39,0.0067
9/27/2022 4:54,0.0072
9/27/2022 5:54,0.0068
9/27/2022 6:54,0.0068
9/27/2022 7:54,0.0069
9/27/2022 8:54,0.0071
9/27/2022 9:54,0.0068
9/27/2022 10:54,0.0069
9/27/2022 11:54,0.0068
9/27/2022 12:54,0.0068
9/27/2022 13:54,0.007
9/27/2022 14:54,0.0067
9/27/2022 15:54,0.0068
9/27/2022 16:54,0.0067
9/27/2022 17:54,0.0068
9/27/2022 18:54,0.0068
9/27/2022 20:09,0.0069
9/27/2022 21:09,0.0069
9/27/2022 22:09,0.0069
9/27/2022 23:09,0.0067
9/28/2022 0:09,0.0068
9/28/2022 1:09,0.0067
9/28/2022 2:09,0.0068
9/28/2022 3:09,0.0067
9/28/2022 4:09,0.0068
9/28/2022 5:09,0.0069
9/28/2022 6:09,0.007
9/28/2022 7:09,0.0069
9/28/2022 8:09,0.0068
9/28/2022 9:09,0.0068
9/28/2022 10:09,0.007
9/28/2022 11:09,0.0072
9/28/2022 12:09,0.0071
9/28/2022 13:09,0.007
9/28/2022 14:09,0.007
9/28/2022 15:09,0.0071
9/28/2022 16:09,0.0068
9/28/2022 17:09,0.007
9/28/2022 18:09,0.0071
9/28/2022 19:09,0.0071
9/28/2022 20:09,0.0071
9/28/2022 21:09,0.007
9/28/2022 22:09,0.0067
9/28/2022 23:09,0.0067
9/29/2022 0:09,0.0067
9/29/2022 1:09,0.0069
9/29/2022 2:09,0.0069
9/29/2022 3:09,0.0068
9/29/2022 4:09,0.0069
9/29/2022 5:09,0.0069
9/29/2022 6:09,0.0069
9/29/2022 7:09,0.007
9/29/2022 8:09,0.0071
9/29/2022 9:09,0.007
9/29/2022 10:09,0.0069
9/29/2022 11:09,0.0068
9/29/2022 12:24,0.0068
9/29/2022 13:24,0.0068
9/29/2022 14:24,0.0069
9/29/2022 15:24,0.007
9/29/2022 16:24,0.0067
9/29/2022 17:24,0.007
9/29/2022 18:24,0.0071
9/29/2022 19:24,0.0067
9/29/2022 20:24,0.0067
9/29/2022 21:24,0.0069
9/29/2022 23:54,0.0066
9/30/2022 0:54,0.0066
9/30/2022 1:54,0.0065
9/30/2022 2:54,0.0067
9/30/2022 3:54,0.0067
9/30/2022 4:54,0.0067
9/30/2022 5:54,0.0068
9/30/2022 6:54,0.0067
9/30/2022 7:54,0.0068
9/30/2022 8:54,0.0067
9/30/2022 10:54,0.0069
9/30/2022 11:54,0.0067
9/30/2022 12:54,0.0066
9/30/2022 13:54,0.0068
9/30/2022 14:54,0.0069
9/30/2022 15:54,0.0068
9/30/2022 16:54,0.0068
9/30/2022 17:54,0.0068
9/30/2022 18:54,0.0068
9/30/2022 19:54,0.0068
9/30/2022 20:54,0.007
9/30/2022 21:54,0.0068
9/30/2022 22:54,0.007
9/30/2022 23:54,0.0069
10/1/2022 0:54,0.0067
10/1/2022 1:54,0.0068
10/1/2022 2:54,0.0068
10/1/2022 3:54,0.0068
10/1/2022 4:54,0.007
10/1/2022 5:54,0.007
10/1/2022 6:54,0.0069
10/1/2022 7:54,0.007
10/1/2022 8:54,0.0069
10/1/2022 9:54,0.0069
10/1/2022 10:54,0.8095
10/1/2022 11:54,0.9811
10/1/2022 12:54,1.1221
10/1/2022 13:54,0.0072
10/1/2022 14:54,0.0071
10/1/2022 15:54,0.0071
10/1/2022 16:54,0.0071
10/1/2022 18:54,0.0252
10/1/2022 19:54,0.0069
10/1/2022 20:54,0.007
10/1/2022 21:54,0.0069
10/1/2022 22:54,0.007
10/1/2022 23:54,0.0067
10/2/2022 0:54,0.007
10/2/2022 1:54,0.007
10/2/2022 2:54,0.007
10/2/2022 3:54,0.0068
10/2/2022 4:54,0.007
10/2/2022 5:54,0.0069
10/2/2022 6:54,0.0069
10/2/2022 7:54,0.007
10/2/2022 8:54,0.0071
10/2/2022 9:54,0.0068
10/2/2022 10:54,0.0068
10/2/2022 11:54,0.0068
10/2/2022 12:54,0.8421
10/2/2022 13:54,0.0072
10/2/2022 14:54,0.8517
10/2/2022 15:54,1.0367
10/2/2022 16:54,1.1289
10/2/2022 17:54,1.1618
10/2/2022 18:54,1.1186
10/2/2022 19:54,0.0072
10/2/2022 20:54,0.0071
10/2/2022 21:54,0.0072
10/2/2022 22:54,0.0071
10/2/2022 23:54,0.0071
10/3/2022 0:54,0.0071
10/3/2022 1:54,0.0068
10/3/2022 2:54,0.0264
10/3/2022 3:54,0.0279
10/3/2022 4:54,0.0276
10/3/2022 5:54,0.007
10/3/2022 6:54,0.007
10/3/2022 7:54,0.0069
10/3/2022 8:54,0.0069
10/3/2022 9:54,0.0068
10/3/2022 10:54,0.0069
10/3/2022 11:54,0.0069
10/3/2022 12:54,0.0069
10/3/2022 13:54,0.0069
10/3/2022 14:54,0.007
10/3/2022 15:54,0.0072
10/3/2022 16:54,0.0069
10/3/2022 17:54,0.0069
10/3/2022 18:54,0.0071
10/3/2022 19:54,0.007
10/3/2022 20:54,0.0068
10/3/2022 21:54,0.0067
10/3/2022 22:54,0.0068
10/3/2022 23:54,0.0067
10/4/2022 0:54,0.0068
10/4/2022 1:54,0.0069
10/4/2022 2:54,0.0069
10/4/2022 3:54,0.0068
10/4/2022 4:54,0.0067
10/4/2022 5:54,0.0066
10/4/2022 6:54,0.0068
10/4/2022 7:54,0.0069
10/4/2022 8:54,0.0069
10/4/2022 9:54,0.007
10/4/2022 10:54,0.007
10/4/2022 11:54,0.007
10/4/2022 12:54,0.0069
10/4/2022 13:54,0.0069
10/4/2022 14:54,0.0069
10/4/2022 15:54,0.007
10/4/2022 17:54,0.0068
10/4/2022 18:54,0.0069
10/4/2022 19:54,0.0069
10/4/2022 20:54,0.0068
10/4/2022 21:54,0.0068
10/4/2022 22:54,0.0067
10/4/2022 23:54,0.0068
10/5/2022 0:54,0.0067
10/5/2022 1:54,0.0067
10/5/2022 2:54,0.0066
10/5/2022 3:54,0.0069
10/5/2022 4:54,0.0068
10/5/2022 5:54,0.0068
10/5/2022 6:54,0.0068
10/5/2022 7:54,0.007
10/5/2022 8:54,0.007
10/5/2022 9:54,0.0069
10/5/2022 10:54,0.0069
10/5/2022 11:54,0.007
10/5/2022 13:09,0.0069
10/5/2022 14:09,0.0069
10/5/2022 15:09,0.0068
10/5/2022 16:09,0.0069
10/5/2022 17:09,0.0068
10/5/2022 18:09,0.0067
10/5/2022 19:09,0.0068
10/5/2022 20:09,0.0068
10/5/2022 21:09,0.0069
10/5/2022 22:09,0.0069
10/5/2022 23:09,0.6369
10/6/2022 0:09,0.673
10/6/2022 1:09,0.7224
10/6/2022 2:09,0.7915
10/6/2022 3:09,0.7648
10/6/2022 4:09,0.8006
10/6/2022 5:09,0.7966
10/6/2022 6:09,0.7879
10/6/2022 7:09,0.7867
10/6/2022 8:09,0.7931
10/6/2022 9:09,0.8122
10/6/2022 10:09,0.8019
10/6/2022 11:09,0.7773
10/6/2022 12:09,0.8038
10/6/2022 13:09,0.7869
10/6/2022 14:09,0.7959
10/6/2022 15:09,0.7945
10/6/2022 16:09,0.7925
10/6/2022 17:09,0.8047
10/6/2022 18:09,0.7749
10/6/2022 19:09,0.823
10/6/2022 20:09,0.8015
10/6/2022 21:09,0.8018
10/6/2022 22:09,0.8069
10/6/2022 23:09,0.8067
10/7/2022 0:09,0.7957
10/7/2022 1:09,0.8261
10/7/2022 2:09,0.8068
10/7/2022 3:09,0.8388
10/7/2022 4:09,0.83
10/7/2022 5:09,0.8157
10/7/2022 6:09,0.8036
10/7/2022 7:09,0.7916
10/7/2022 8:09,0.8221
10/7/2022 9:09,0.8077
10/7/2022 10:09,0.8105
10/7/2022 11:09,0.8242
10/7/2022 12:09,0.8157
10/7/2022 13:09,0.8104
10/7/2022 14:09,0.7894
10/7/2022 15:09,0.791
10/7/2022 16:09,0.8019
10/7/2022 17:09,0.7965
10/7/2022 18:09,0.8113
10/7/2022 19:09,0.8188
10/7/2022 20:09,0.8203
10/7/2022 21:09,0.8168
10/7/2022 22:09,0.7991
10/7/2022 23:09,0.8083
10/8/2022 0:09,0.8159
10/8/2022 1:09,0.8421
10/8/2022 2:09,0.816
10/8/2022 3:09,0.8016
10/8/2022 4:09,0.8058
10/8/2022 5:09,0.8204
10/8/2022 6:09,1.1607
10/8/2022 7:09,1.1286
10/8/2022 8:09,1.1636
10/8/2022 9:09,1.1741
10/8/2022 10:09,1.1335
10/8/2022 11:09,1.1558
10/8/2022 12:09,1.1539
10/8/2022 13:09,1.1548
10/8/2022 14:09,1.1578
10/8/2022 15:09,1.1904
10/8/2022 16:09,1.1593
10/8/2022 17:09,1.1829
10/8/2022 18:09,1.1615
10/8/2022 19:09,1.1084
10/8/2022 20:09,1.1462
10/8/2022 21:09,1.1488
10/8/2022 22:24,1.1246
10/8/2022 23:24,1.1461
10/9/2022 0:24,1.165
10/9/2022 1:24,1.1907
10/9/2022 2:24,1.1856
10/9/2022 3:24,1.2043
10/9/2022 4:24,1.16
10/9/2022 5:24,1.1712
10/9/2022 6:24,1.1544
10/9/2022 7:24,1.1753
10/9/2022 8:24,1.218
10/9/2022 9:24,1.1456
10/9/2022 10:24,1.188
10/9/2022 11:24,1.2066
10/9/2022 12:24,1.1569
10/9/2022 13:24,1.1913
10/9/2022 14:24,1.2147
10/9/2022 15:24,1.1937
10/9/2022 16:24,1.1729
10/9/2022 17:24,1.1559
10/9/2022 18:24,1.1264
10/9/2022 19:24,1.198
10/9/2022 20:24,1.248
10/9/2022 21:24,1.2016
10/9/2022 22:24,1.1844
10/9/2022 23:24,1.2789
10/10/2022 0:24,1.246
10/10/2022 1:24,1.2061
10/10/2022 2:24,1.2355
10/10/2022 3:24,1.2317
10/10/2022 4:24,1.2029
10/10/2022 5:24,1.2224
10/10/2022 6:24,1.1973
10/10/2022 7:24,1.1797
10/10/2022 8:24,1.1875
10/10/2022 9:24,1.2208
10/10/2022 10:24,1.1858
10/10/2022 11:24,1.2268
10/10/2022 12:24,1.1551
10/10/2022 13:24,1.2012
10/10/2022 14:24,1.2064
10/10/2022 15:24,1.1751
10/10/2022 16:24,1.222
10/10/2022 17:24,1.1612
10/10/2022 18:24,1.2194
10/10/2022 19:24,1.1903
10/10/2022 20:24,1.1947
10/10/2022 21:24,1.2085
10/10/2022 22:24,1.2102
10/10/2022 23:24,1.2103
10/11/2022 0:24,1.2587
10/11/2022 1:24,1.2276
10/11/2022 2:24,1.2363
10/11/2022 3:24,1.1733
10/11/2022 4:24,1.2082
10/11/2022 5:24,1.1682
10/11/2022 6:24,1.173
10/11/2022 7:24,1.1991
10/11/2022 8:24,1.1932
10/11/2022 9:24,1.1142
10/11/2022 10:24,1.1801
10/11/2022 11:24,1.1923
10/11/2022 12:24,1.1601
10/11/2022 13:24,1.1662
10/11/2022 14:24,1.231
10/11/2022 15:24,1.1845
10/11/2022 16:24,1.2272
10/11/2022 17:24,1.2324
10/11/2022 18:24,1.1893
10/11/2022 19:24,1.2759
10/11/2022 20:24,1.2133
10/11/2022 21:24,1.2363
10/11/2022 22:24,1.1557
10/11/2022 23:24,1.2515
10/12/2022 0:24,1.2313
10/12/2022 1:24,1.2393
10/12/2022 2:24,1.2076
10/12/2022 3:24,1.3039
10/12/2022 4:24,1.2443
10/12/2022 5:24,1.2238
10/12/2022 6:24,1.2011
10/12/2022 7:24,1.2196
10/12/2022 8:24,1.178
10/12/2022 9:24,1.2167
10/12/2022 10:24,1.2208
10/12/2022 11:39,1.2127
10/12/2022 12:39,1.2168
10/12/2022 13:39,1.1899
10/12/2022 14:39,1.2089
10/12/2022 15:39,1.2615
10/12/2022 16:39,1.2834
10/12/2022 17:39,1.2129
10/12/2022 18:39,1.2272
10/12/2022 19:39,1.206
10/12/2022 20:39,1.1828
10/12/2022 21:39,1.185
10/12/2022 22:39,1.2651
10/12/2022 23:39,1.2533
10/13/2022 0:39,1.3243
10/13/2022 1:39,1.2172
10/13/2022 2:39,1.2037
10/13/2022 3:39,1.2486
10/13/2022 4:39,1.2796
10/13/2022 5:39,1.2513
10/13/2022 6:39,1.2493
10/13/2022 7:39,1.269
10/13/2022 8:39,1.2666
10/13/2022 9:39,1.2312
10/13/2022 10:39,1.2779
10/13/2022 11:39,1.2463
10/13/2022 12:39,1.2549
10/13/2022 13:39,1.2799
10/13/2022 14:39,1.2486
10/13/2022 15:39,1.232
10/13/2022 16:39,1.2334
10/13/2022 17:39,1.2421
10/13/2022 18:39,1.2411
10/13/2022 19:39,1.2759
10/13/2022 20:39,1.2974
10/13/2022 21:39,1.2755
10/13/2022 22:39,1.2385
10/13/2022 23:39,1.2336
10/14/2022 0:39,1.2905
10/14/2022 1:39,1.2948
10/14/2022 2:39,1.2395
10/14/2022 3:39,1.228
10/14/2022 4:39,1.2306
10/14/2022 5:39,1.244
10/14/2022 6:39,1.2369
10/14/2022 7:39,1.2399
10/14/2022 8:39,1.2515
10/14/2022 9:39,1.209
10/14/2022 10:39,1.2104
10/14/2022 11:39,1.253
10/14/2022 12:39,1.2416
10/14/2022 13:39,1.2236
10/14/2022 14:39,1.2244
10/14/2022 15:39,1.2142
10/14/2022 16:39,1.2306
10/14/2022 17:39,1.2303
10/14/2022 18:39,1.2365
10/14/2022 19:39,1.2407
10/14/2022 20:39,1.2716
10/14/2022 21:39,1.2452
10/14/2022 22:39,1.236
10/14/2022 23:39,1.2335
10/15/2022 0:39,1.2392
10/15/2022 1:39,1.2495
10/15/2022 3:39,1.2489
10/15/2022 4:39,1.2554
10/15/2022 5:39,1.2619
10/15/2022 6:39,1.2492
10/15/2022 7:39,1.2248
10/15/2022 8:39,1.2351
10/15/2022 9:39,1.2115
10/15/2022 10:39,1.2896
10/15/2022 11:39,1.3539
10/15/2022 12:39,1.3065
10/15/2022 13:39,1.2467
10/15/2022 14:39,1.2177
10/15/2022 15:39,1.2438
10/15/2022 16:39,1.2576
10/15/2022 17:39,1.2726
10/15/2022 18:39,1.2101
10/15/2022 19:39,1.2125
10/15/2022 20:39,1.2489
10/15/2022 21:39,1.2556
10/15/2022 22:39,1.2481
10/15/2022 23:39,1.2437
10/16/2022 0:39,1.2313
10/16/2022 2:39,1.2659
10/16/2022 3:39,1.2543
10/16/2022 4:39,1.2874
10/16/2022 5:39,1.2901
10/16/2022 6:39,1.2549
10/16/2022 7:39,1.2137
10/16/2022 8:39,1.2808
10/16/2022 9:39,1.2513
10/16/2022 10:39,1.2844
10/16/2022 11:39,1.2616
10/16/2022 12:39,1.2434
10/16/2022 13:39,1.2611
10/16/2022 14:39,1.1852
10/16/2022 15:39,1.2236
10/16/2022 16:39,1.2643
10/16/2022 17:39,1.2317
10/16/2022 18:39,1.2253
10/16/2022 19:39,1.2208
10/16/2022 20:39,1.2328
10/16/2022 21:39,1.2511
10/16/2022 22:39,1.2178
10/16/2022 23:39,1.228
10/17/2022 0:39,1.2502
10/17/2022 1:39,1.2666
10/17/2022 2:39,1.2511
10/17/2022 3:39,1.2662
10/17/2022 4:39,1.2708
10/17/2022 5:39,1.2404
10/17/2022 6:39,1.2649
10/17/2022 7:39,1.2089
10/17/2022 8:39,1.2487
10/17/2022 9:39,1.2371
10/17/2022 10:39,1.2367
10/17/2022 11:39,1.2079
10/17/2022 12:39,1.2494
10/17/2022 13:39,1.2158
10/17/2022 14:39,1.2279
10/17/2022 15:39,1.2697
10/17/2022 16:39,1.2721
10/17/2022 17:39,1.273
10/17/2022 18:39,1.2428
10/17/2022 19:39,1.2429
10/17/2022 20:39,1.2207
10/17/2022 21:39,1.2702
10/17/2022 22:39,1.2798
10/17/2022 23:39,1.2925
10/18/2022 0:39,1.2602
10/18/2022 1:39,1.2907
10/18/2022 2:39,1.2607
10/18/2022 3:39,1.2301
10/18/2022 4:54,1.2536
10/18/2022 5:54,1.228
10/18/2022 6:54,1.2465
10/18/2022 7:54,1.2724
10/18/2022 8:54,1.2591
10/18/2022 9:54,1.2415
10/18/2022 10:54,1.2137
10/18/2022 11:54,1.2453
10/18/2022 12:54,1.2771
10/18/2022 13:54,1.2495
10/18/2022 14:54,1.2215
10/18/2022 15:54,1.2651
10/18/2022 16:54,1.253
10/18/2022 17:54,1.255
10/18/2022 18:54,1.2142
10/18/2022 19:54,1.2251
10/18/2022 20:54,1.2762
10/18/2022 21:54,1.2611
10/18/2022 22:54,1.2704
10/18/2022 23:54,1.2606
10/19/2022 0:54,1.2521
10/19/2022 1:54,1.2562
10/19/2022 2:54,1.2583
10/19/2022 3:54,1.2784
10/19/2022 4:54,1.2335
10/19/2022 5:54,1.2766
10/19/2022 6:54,1.2474
10/19/2022 7:54,1.2391
10/19/2022 8:54,1.23
10/19/2022 9:54,1.2753
10/19/2022 10:54,1.2331
10/19/2022 11:54,1.2886
10/19/2022 12:54,1.2381
10/19/2022 13:54,1.2508
10/19/2022 14:54,1.2387
10/19/2022 15:54,1.2331
10/19/2022 16:54,1.2506
10/19/2022 17:54,1.2811
10/19/2022 19:09,1.2952
10/19/2022 20:09,1.3034
10/19/2022 21:09,1.2509
10/19/2022 22:09,1.26
10/19/2022 23:09,1.273
10/20/2022 0:09,1.2415
10/20/2022 1:09,1.2512
10/20/2022 2:09,1.25
10/20/2022 3:09,1.2352
10/20/2022 4:09,1.2058
10/20/2022 5:09,1.2535
10/20/2022 6:09,1.2575
10/20/2022 7:09,1.2523
10/20/2022 8:09,1.2782
10/20/2022 9:09,1.2302
10/20/2022 10:09,1.2817
10/20/2022 11:09,1.2743
10/20/2022 12:09,1.2444
10/20/2022 13:09,1.2266
10/20/2022 14:09,1.254
10/20/2022 15:09,1.2448
10/20/2022 17:09,1.2442
10/20/2022 18:09,1.2376
10/20/2022 19:09,1.2643
10/20/2022 20:09,1.2296
10/20/2022 21:09,1.2635
10/20/2022 22:09,1.2664
10/20/2022 23:09,1.2509
10/21/2022 0:09,1.2586
10/21/2022 1:09,1.2508
10/21/2022 2:09,1.2417
10/21/2022 3:09,1.2684
10/21/2022 4:09,1.2722
10/21/2022 5:09,1.2791
10/21/2022 6:09,1.2713
10/21/2022 7:09,0.8105
10/21/2022 8:09,0.805
10/21/2022 9:09,0.7952
10/21/2022 10:09,0.007
10/21/2022 11:09,0.0069
10/21/2022 12:09,0.8892
10/21/2022 13:09,0.007
10/21/2022 14:09,0.0072
10/21/2022 15:09,0.9952
10/21/2022 16:09,1.0728
10/21/2022 17:09,1.1065
10/21/2022 18:09,0.007
10/21/2022 19:09,0.0071
10/21/2022 21:09,0.0069
10/21/2022 22:09,0.007
10/21/2022 23:09,0.0069
10/22/2022 0:09,0.0068
10/22/2022 1:09,0.0069
10/22/2022 2:09,0.007
10/22/2022 3:09,0.0069
10/22/2022 4:09,0.007
10/22/2022 5:09,0.0069
10/22/2022 6:09,0.0068
10/22/2022 7:09,0.0069
10/22/2022 8:09,0.0067
10/22/2022 9:09,0.0068
10/22/2022 10:09,0.0266
10/22/2022 11:09,0.0067
10/22/2022 12:09,0.0068
10/22/2022 13:09,0.0275
10/22/2022 14:09,0.0282
10/22/2022 15:09,0.0069
10/22/2022 16:09,0.0069
10/22/2022 17:09,0.0069
10/22/2022 18:09,0.007
10/22/2022 19:09,0.0069
10/22/2022 20:09,0.0069
10/22/2022 21:09,0.007
10/22/2022 22:09,0.007
10/22/2022 23:09,0.0068
10/23/2022 0:09,0.0067
10/23/2022 1:09,0.0066
10/23/2022 2:09,0.0068
10/23/2022 3:09,0.0067
10/23/2022 4:09,0.0068
10/23/2022 5:09,0.0069
10/23/2022 6:09,0.007
10/23/2022 7:09,0.0069
10/23/2022 8:09,0.0068
10/23/2022 9:09,0.0069
10/23/2022 10:09,0.007
10/23/2022 11:09,0.0068
10/23/2022 12:09,0.0071
10/23/2022 13:09,0.007
10/23/2022 14:09,0.0069
10/23/2022 15:09,0.0069
10/23/2022 16:09,0.0069
10/23/2022 17:09,0.0067
10/23/2022 19:09,0.0068
10/23/2022 20:09,0.0067
10/23/2022 21:09,0.0067
10/23/2022 22:09,0.0067
10/23/2022 23:09,0.0067
10/24/2022 0:09,0.0067
10/24/2022 1:09,0.0067
10/24/2022 2:09,0.0069
10/24/2022 3:09,0.0069
10/24/2022 4:09,0.0069
10/24/2022 5:09,0.0069
10/24/2022 6:09,0.0069
10/24/2022 7:09,0.0068
10/24/2022 8:09,0.0066
10/24/2022 9:09,0.0068
10/24/2022 10:09,0.0069
10/24/2022 11:09,0.0067
10/24/2022 12:09,0.0067
10/24/2022 13:09,0.0068
10/24/2022 14:09,0.0068
10/24/2022 15:09,0.0067
10/24/2022 16:09,0.0068
10/24/2022 17:09,0.0069
10/24/2022 18:09,0.007
10/24/2022 19:09,0.0069
10/24/2022 20:09,0.0069
10/24/2022 21:09,0.0067
10/24/2022 22:09,0.0069
10/24/2022 23:09,0.0068
10/25/2022 0:09,0.0069
10/25/2022 1:09,0.0069
10/25/2022 2:09,0.0071
10/25/2022 3:09,0.6636
10/25/2022 4:09,0.6843
10/25/2022 5:09,0.7157
10/25/2022 6:09,0.7322
10/25/2022 7:09,0.7551
10/25/2022 8:09,0.748
10/25/2022 9:09,0.7653
10/25/2022 10:09,0.784
10/25/2022 11:09,0.7914
10/25/2022 12:09,0.7762
10/25/2022 13:09,0.7688
10/25/2022 14:09,0.781
10/25/2022 15:09,0.7806
10/25/2022 16:09,0.7998
10/25/2022 17:09,0.7936
10/25/2022 18:09,0.7774
10/25/2022 19:09,0.8187
10/25/2022 20:09,0.7873
10/25/2022 21:09,0.8041
10/25/2022 22:09,0.8011
10/25/2022 23:09,0.7903
10/26/2022 0:09,0.8088
10/26/2022 1:09,0.8268
10/26/2022 2:09,0.8085
10/26/2022 3:09,0.7925
10/26/2022 4:09,0.8244
10/26/2022 5:09,0.7858
10/26/2022 6:09,0.7896
10/26/2022 7:09,0.7844
10/26/2022 8:09,0.8022
10/26/2022 9:09,0.7903
10/26/2022 10:09,0.8102
10/26/2022 11:09,0.7993
10/26/2022 12:09,0.7846
10/26/2022 13:09,0.7963
10/26/2022 14:09,0.8133
10/26/2022 15:09,0.7981
10/26/2022 16:09,0.7889
10/26/2022 17:09,0.787
10/26/2022 18:09,0.7825
10/26/2022 19:09,0.8211
10/26/2022 20:09,0.8051
10/26/2022 21:09,0.8008
10/26/2022 22:09,0.8127
10/26/2022 23:09,0.8445
10/27/2022 0:09,0.8284
10/27/2022 1:09,0.841
10/27/2022 2:09,0.8435
10/27/2022 3:09,0.846
10/27/2022 4:09,0.8317
10/27/2022 5:09,0.8192
10/27/2022 6:09,0.8078
10/27/2022 8:09,0.8314
10/27/2022 9:09,0.8117
10/27/2022 10:09,0.8103
10/27/2022 11:09,0.8317
10/27/2022 12:09,0.8203
10/27/2022 13:09,0.8228
10/27/2022 14:09,0.8115
10/27/2022 15:09,0.8347
10/27/2022 16:09,0.8233
10/27/2022 17:09,0.8341
10/27/2022 18:09,0.8274
10/27/2022 19:09,0.858
10/27/2022 20:09,0.8398
10/27/2022 21:09,0.8275
10/27/2022 22:09,0.8382
10/27/2022 23:09,0.8252
10/28/2022 0:09,0.8323
10/28/2022 1:09,0.8488
10/28/2022 2:09,0.8342
10/28/2022 3:09,0.8222
10/28/2022 4:09,0.8303
10/28/2022 5:09,0.8388
10/28/2022 6:09,0.8196
10/28/2022 7:09,0.8223
10/28/2022 8:09,0.8249
10/28/2022 9:09,0.8137
10/28/2022 10:09,0.828
10/28/2022 11:09,0.823
10/28/2022 12:09,0.8376
10/28/2022 13:09,0.8063
10/28/2022 14:09,0.8061
10/28/2022 15:09,0.8308
10/28/2022 16:09,0.8259
10/28/2022 17:09,0.8177
10/28/2022 18:09,0.8186
10/28/2022 19:09,0.8061
10/28/2022 20:09,0.8092
10/28/2022 21:09,1.1396
10/28/2022 22:09,1.1694
10/28/2022 23:09,1.216
10/29/2022 0:09,1.1774
10/29/2022 1:09,1.1583
10/29/2022 2:09,1.2228
10/29/2022 3:09,1.1677
10/29/2022 4:09,1.1804
10/29/2022 5:09,1.1855
10/29/2022 6:09,1.1802
10/29/2022 7:09,1.1569
10/29/2022 8:09,1.1743
10/29/2022 9:09,1.2143
10/29/2022 10:09,1.1819
10/29/2022 11:09,1.1674
10/29/2022 12:09,1.1866
10/29/2022 13:09,1.1743
10/29/2022 14:09,1.16
10/29/2022 15:09,1.1709
10/29/2022 16:09,1.1962
10/29/2022 18:09,1.1566
10/29/2022 19:09,1.1723
10/29/2022 20:09,1.1658
10/29/2022 21:39,1.1621
10/29/2022 22:39,1.1758
10/29/2022 23:39,1.1711
10/30/2022 0:39,1.1931
10/30/2022 1:39,1.1599
10/30/2022 2:39,1.1865
10/30/2022 3:39,1.1932
10/30/2022 4:39,1.2135
10/30/2022 5:39,1.23
10/30/2022 6:39,1.1959
10/30/2022 7:39,1.2175
10/30/2022 8:39,1.1843
10/30/2022 9:39,1.2033
10/30/2022 10:39,1.2096
10/30/2022 11:39,1.238
10/30/2022 12:39,1.2267
10/30/2022 13:39,1.1905
10/30/2022 14:39,1.2268
10/30/2022 15:39,1.2387
10/30/2022 16:39,1.2406
10/30/2022 17:39,1.1893
10/30/2022 18:39,1.2315
10/30/2022 19:39,1.1931
10/30/2022 20:39,1.2294
10/30/2022 21:39,1.2079
10/30/2022 22:39,1.2061
10/30/2022 23:39,1.2181
10/31/2022 0:39,1.2633
10/31/2022 1:39,1.2313
10/31/2022 2:39,1.2349
10/31/2022 3:39,1.2215
10/31/2022 4:39,1.2173
10/31/2022 5:39,1.2095
10/31/2022 6:39,1.2135
10/31/2022 7:39,1.2318
10/31/2022 8:39,1.2463
10/31/2022 9:39,1.2129
10/31/2022 10:39,1.2513
10/31/2022 11:39,1.2302
10/31/2022 12:39,1.2766
10/31/2022 13:39,1.2642
10/31/2022 14:39,1.246
10/31/2022 15:39,1.2162
10/31/2022 16:39,1.2546
10/31/2022 17:39,1.2318
10/31/2022 18:39,1.28
10/31/2022 19:39,1.2548
10/31/2022 20:39,1.2413
10/31/2022 21:39,1.2543
10/31/2022 22:39,1.2922
10/31/2022 23:39,1.3072
11/1/2022 0:39,1.2921
11/1/2022 1:39,1.2874
11/1/2022 2:39,1.3057
11/1/2022 3:39,1.2772
11/1/2022 4:39,1.3228
11/1/2022 5:39,1.2845
11/1/2022 6:39,1.2299
11/1/2022 7:39,1.2758
11/1/2022 8:39,1.307
11/1/2022 9:39,1.3015
11/1/2022 10:39,1.3211
11/1/2022 11:39,1.3222
11/1/2022 12:39,1.1872
11/1/2022 13:39,1.3267
11/1/2022 14:39,1.2641
11/1/2022 15:39,1.3044
11/1/2022 16:39,1.2538
11/1/2022 17:39,1.3022
11/1/2022 18:39,1.2199
11/1/2022 19:39,1.2904
11/1/2022 20:39,1.2628
11/1/2022 21:39,1.2192
11/1/2022 22:39,1.2921
11/1/2022 23:39,1.302
11/2/2022 0:39,1.2077
11/2/2022 1:39,1.2988
11/2/2022 2:39,1.2594
11/2/2022 3:39,1.3135
11/2/2022 5:09,1.2757
11/2/2022 6:09,1.2767
11/2/2022 7:09,1.2676
11/2/2022 8:09,1.2287
11/2/2022 9:09,1.2654
11/2/2022 10:09,1.3309
11/2/2022 11:09,1.2704
11/2/2022 12:09,1.2533
11/2/2022 13:09,1.2341
11/2/2022 14:09,1.2472
11/2/2022 15:09,1.2674
11/2/2022 16:09,1.2586
11/2/2022 17:09,1.315
11/2/2022 18:09,1.2785
11/2/2022 19:09,1.2349
11/2/2022 20:09,1.313
11/2/2022 21:09,1.2887
11/2/2022 22:09,1.3306
11/2/2022 23:09,1.2833
11/3/2022 0:24,1.3046
11/3/2022 1:24,1.2364
11/3/2022 2:24,1.273
11/3/2022 3:24,1.2657
11/3/2022 4:24,1.2785
11/3/2022 5:24,1.2388
11/3/2022 6:24,1.224
11/3/2022 7:24,1.2418
11/3/2022 8:24,1.2527
11/3/2022 9:24,1.2502
11/3/2022 10:24,1.2537
11/3/2022 11:24,1.27
11/3/2022 12:24,1.2571
11/3/2022 13:24,1.2674
11/3/2022 14:24,1.2174
11/3/2022 15:24,1.2892
11/3/2022 16:24,1.2335
11/3/2022 17:24,1.2081
11/3/2022 18:24,1.2308
11/3/2022 19:24,1.2502
11/3/2022 20:24,1.2774
11/3/2022 21:24,1.245
11/3/2022 22:24,1.2347
11/3/2022 23:24,1.2409
11/4/2022 0:24,1.2414
11/4/2022 1:24,1.2696
11/4/2022 2:24,1.2483
11/4/2022 3:24,1.2516
11/4/2022 4:24,1.2576
11/4/2022 5:24,1.2294
11/4/2022 6:24,1.2508
11/4/2022 7:24,1.249
11/4/2022 8:24,1.2482
11/4/2022 9:24,1.2533
11/4/2022 10:24,1.2365
11/4/2022 11:24,1.2314
11/4/2022 12:24,1.2545
11/4/2022 13:24,1.1887
11/4/2022 14:24,1.24
11/4/2022 15:24,1.2873
11/4/2022 16:24,1.2005
11/4/2022 17:24,1.2757
11/4/2022 18:24,1.2953
11/4/2022 19:24,1.277
11/4/2022 20:24,1.2358
11/4/2022 21:24,1.2678
11/4/2022 22:24,1.2712
11/4/2022 23:24,1.2637
11/5/2022 0:24,1.2485
11/5/2022 1:24,1.3094
11/5/2022 2:24,1.3103
11/5/2022 3:24,1.2839
11/5/2022 4:24,1.3168
11/5/2022 5:24,1.2559
11/5/2022 6:24,1.2735
11/5/2022 7:24,1.2514
11/5/2022 8:24,1.2426
11/5/2022 9:24,1.2465
11/5/2022 10:24,1.2505
11/5/2022 11:24,1.2716
11/5/2022 12:24,1.2904
11/5/2022 13:24,1.2729
11/5/2022 14:24,1.2638
11/5/2022 15:24,1.2687
11/5/2022 16:24,1.2951
11/5/2022 17:24,1.2752
11/5/2022 18:24,1.2736
11/5/2022 19:24,1.2599
11/5/2022 20:24,1.2609
11/5/2022 21:24,1.2976
11/5/2022 22:24,1.2813
11/5/2022 23:24,1.272
11/6/2022 0:24,1.2288
11/6/2022 1:24,1.2506
11/6/2022 2:24,1.2537
11/6/2022 3:24,1.2642
11/6/2022 4:24,1.2697
11/6/2022 5:24,1.2645
11/6/2022 6:24,1.2518
11/6/2022 7:24,1.2346
11/6/2022 8:24,1.2543
11/6/2022 9:24,1.2164
11/6/2022 10:24,1.2041
11/6/2022 11:24,1.2346
11/6/2022 12:24,1.2132
11/6/2022 13:24,1.2518
11/6/2022 14:24,1.2551
11/6/2022 15:24,1.2338
11/6/2022 16:24,1.2626
11/6/2022 17:24,1.2417
11/6/2022 18:24,1.2237
11/6/2022 19:24,1.2264
11/6/2022 20:24,1.2432
11/6/2022 21:24,1.257
11/6/2022 22:24,1.27
11/6/2022 23:24,1.2671
11/7/2022 0:24,1.2778
11/7/2022 2:24,1.2462
11/7/2022 3:24,1.2337
11/7/2022 4:24,1.2872
11/7/2022 5:24,1.2612
11/7/2022 6:24,1.2905
11/7/2022 7:24,1.255
11/7/2022 8:24,1.234
11/7/2022 9:24,1.2582
11/7/2022 10:24,1.2834
11/7/2022 11:24,1.2644
11/7/2022 12:24,1.2856
11/7/2022 13:24,1.2635
11/7/2022 14:24,1.2751
11/7/2022 15:24,1.3166
11/7/2022 16:24,1.2927
11/7/2022 17:24,1.2659
11/7/2022 18:24,1.3127
11/7/2022 19:24,1.3032
11/7/2022 20:24,1.2752
11/7/2022 21:24,1.2461
11/7/2022 22:24,1.2465
11/7/2022 23:24,1.2742
11/8/2022 0:24,1.3124
11/8/2022 1:24,1.231
11/8/2022 2:24,1.3026
11/8/2022 3:24,1.2933
11/8/2022 4:24,1.258
11/8/2022 5:24,1.2692
11/8/2022 6:24,1.2734
11/8/2022 7:24,1.2724
11/8/2022 8:24,1.2222
11/8/2022 9:24,1.2703
11/8/2022 10:24,1.2873
11/8/2022 11:24,1.3011
11/8/2022 12:24,1.2975
11/8/2022 13:24,1.2724
11/8/2022 14:24,1.2621
11/8/2022 15:24,1.2923
11/8/2022 16:24,1.2496
11/8/2022 17:24,1.2853
11/8/2022 18:24,1.3035
11/8/2022 19:24,1.28
11/8/2022 20:24,1.3184
11/8/2022 21:24,1.3203
11/8/2022 22:24,1.2755
11/8/2022 23:24,1.2697
11/9/2022 0:24,1.2794
11/9/2022 1:24,1.2635
11/9/2022 2:24,1.2609
11/9/2022 3:24,1.2975
11/9/2022 4:24,1.2583
11/9/2022 5:24,1.2823
11/9/2022 6:24,1.2708
11/9/2022 7:24,1.2465
11/9/2022 8:54,1.2923
11/9/2022 9:54,1.2795
11/9/2022 10:54,1.2873
11/9/2022 11:54,1.2763
11/9/2022 12:54,1.3031
11/9/2022 13:54,1.2737
11/9/2022 14:54,1.29
11/9/2022 15:54,1.2701
11/9/2022 16:54,1.3049
11/9/2022 17:54,1.2641
11/9/2022 18:54,1.313
11/9/2022 19:54,1.2968
11/9/2022 20:54,1.2468
11/9/2022 21:54,1.2617
11/9/2022 22:54,1.2605
11/9/2022 23:54,1.3105
11/10/2022 0:54,1.3229
11/10/2022 1:54,1.2922
11/10/2022 2:54,1.3098
11/10/2022 3:54,1.3202
11/10/2022 4:54,1.2594
11/10/2022 5:54,1.2427
11/10/2022 6:54,1.2958
11/10/2022 7:54,0.8265
11/10/2022 8:54,0.807
11/10/2022 9:54,0.8214
11/10/2022 10:54,0.0071
11/10/2022 11:54,0.007
11/10/2022 12:54,0.007
11/10/2022 13:54,0.0072
11/10/2022 14:54,0.8731
11/10/2022 15:54,1.0298
11/10/2022 16:54,1.1365
11/10/2022 17:54,1.1516
11/10/2022 18:54,1.1597
11/10/2022 20:54,0.0071
11/10/2022 21:54,0.0071
11/10/2022 22:54,0.0067
11/10/2022 23:54,0.0066
11/11/2022 0:54,0.0067
11/11/2022 1:54,0.0068
11/11/2022 2:54,0.0069
11/11/2022 3:54,0.0069
11/11/2022 4:54,0.0068
11/11/2022 5:54,0.0067
11/11/2022 6:54,0.007
11/11/2022 7:54,0.0072
11/11/2022 8:54,0.0068
11/11/2022 9:54,0.007
11/11/2022 10:54,0.0069
11/11/2022 11:54,0.007
11/11/2022 12:54,0.0068
11/11/2022 13:54,0.0066
11/11/2022 14:54,0.0066
11/11/2022 15:54,0.0067
11/11/2022 16:54,0.0064
11/11/2022 17:54,0.0068
11/11/2022 18:54,0.0069
11/11/2022 19:54,0.0068
11/11/2022 20:54,0.0066
11/11/2022 21:54,0.0065
11/11/2022 22:54,0.0067
11/11/2022 23:54,0.0069
11/12/2022 0:54,0.0068
11/12/2022 1:54,0.0067
11/12/2022 2:54,0.0067
11/12/2022 3:54,0.0068
11/12/2022 4:54,0.0069
11/12/2022 5:54,0.0068
11/12/2022 6:54,0.0068
11/12/2022 7:54,0.0069
11/12/2022 8:54,0.0069
11/12/2022 10:54,0.0068
11/12/2022 11:54,0.007
11/12/2022 12:54,0.0069
11/12/2022 13:54,0.0068
11/12/2022 14:54,0.0068
11/12/2022 15:54,0.0068
11/12/2022 16:54,0.007
11/12/2022 17:54,0.0068
11/12/2022 18:54,0.0069
11/12/2022 19:54,0.0069
11/12/2022 20:54,0.0067
11/12/2022 21:54,0.0069
11/12/2022 22:54,0.0068
11/12/2022 23:54,0.007
11/13/2022 0:54,0.0068
11/13/2022 1:54,0.0066
11/13/2022 2:54,0.0067
11/13/2022 3:54,0.0065
11/13/2022 4:54,0.0066
11/13/2022 5:54,0.0068
11/13/2022 6:54,0.0067
11/13/2022 7:54,0.0066
11/13/2022 8:54,0.0066
11/13/2022 9:54,0.0068
11/13/2022 10:54,0.0067
11/13/2022 11:54,0.0068
11/13/2022 12:54,0.0068
11/13/2022 13:54,0.0068
11/13/2022 14:54,0.007
11/13/2022 15:54,0.0069
11/13/2022 16:54,0.0069
11/13/2022 17:54,0.0068
11/13/2022 18:54,0.0068
11/13/2022 19:54,0.0068
11/13/2022 20:54,0.0069
11/13/2022 21:54,0.0069
11/13/2022 22:54,0.0068
11/13/2022 23:54,0.0066
11/14/2022 0:54,0.0067
11/14/2022 1:54,0.0067
11/14/2022 2:54,0.007
11/14/2022 3:54,0.0068
11/14/2022 6:54,0.0067
11/14/2022 8:09,0.007
11/14/2022 9:09,0.007
11/14/2022 10:09,0.0068
11/14/2022 11:09,0.0067
11/14/2022 12:09,0.0067
11/14/2022 13:09,0.0068
11/14/2022 14:09,0.0067
11/14/2022 15:09,0.0068
11/14/2022 16:09,0.0068
11/14/2022 17:09,0.0069
11/14/2022 18:09,0.0069
11/14/2022 19:09,0.007
11/14/2022 20:09,0.0068
11/14/2022 21:09,0.0069
11/14/2022 22:09,0.0069
11/14/2022 23:09,0.0069
11/15/2022 0:09,0.007
11/15/2022 1:09,0.007
11/15/2022 2:09,0.007
11/15/2022 3:09,0.0069
11/15/2022 4:09,0.007
11/15/2022 5:09,0.0068
11/15/2022 6:09,0.0069
11/15/2022 7:09,0.0069
11/15/2022 8:09,0.0068
11/15/2022 9:09,0.0067
11/15/2022 10:09,0.0067
11/15/2022 11:09,0.0069
11/15/2022 11:53,0.0067
11/15/2022 12:53,0.0067
11/15/2022 13:53,0.0069
11/15/2022 14:53,0.0069
11/15/2022 15:53,0.0069
11/15/2022 16:53,0.0069
11/15/2022 17:53,0.007
11/15/2022 19:23,0.0069
11/15/2022 20:23,0.0067
11/15/2022 21:23,0.0066
11/15/2022 22:23,0.0067
11/15/2022 23:23,0.0066
11/16/2022 0:23,0.0066
11/16/2022 1:23,0.0067
11/16/2022 2:23,0.0067
11/16/2022 3:23,0.0067
11/16/2022 4:23,0.0067
11/16/2022 5:23,0.0066
11/16/2022 6:38,0.0067
11/16/2022 7:38,0.0066
11/16/2022 8:38,0.0067
11/16/2022 9:38,0.0066
11/16/2022 10:38,0.0065
11/16/2022 11:38,0.0067
11/16/2022 12:38,0.0068
11/16/2022 13:38,0.0066
11/16/2022 14:38,0.0067
11/16/2022 15:38,0.0067
11/16/2022 16:38,0.007
11/16/2022 17:38,0.0069
11/16/2022 18:38,0.0067
11/16/2022 19:38,0.0067
11/16/2022 20:38,0.0067
11/16/2022 21:38,0.0068
11/16/2022 22:38,0.0069
11/16/2022 23:38,0.0068
11/17/2022 2:08,0.0069
11/17/2022 3:08,0.0067
11/17/2022 4:08,0.0068
11/17/2022 5:08,0.0066
11/17/2022 6:08,0.0068
11/17/2022 7:08,0.0067
11/17/2022 8:08,0.0067
11/17/2022 9:08,0.0069
11/17/2022 10:08,0.0069
11/17/2022 11:08,0.0067
11/17/2022 12:08,0.0069
11/17/2022 14:08,0.0066
11/17/2022 15:08,0.0068
11/17/2022 16:08,0.0068
11/17/2022 17:08,0.0068
11/17/2022 18:08,0.0068
11/17/2022 19:08,0.0067
11/17/2022 20:08,0.0068
11/17/2022 21:08,0.0069
11/17/2022 22:08,0.0069
11/17/2022 23:08,0.0069
11/18/2022 0:08,0.0069
11/18/2022 1:08,0.0068
11/18/2022 2:08,0.0069
11/18/2022 3:08,0.0068
11/18/2022 4:08,0.0069
11/18/2022 5:08,0.0069
11/18/2022 6:08,0.0069
11/18/2022 7:08,0.0067
11/18/2022 8:08,0.0067
11/18/2022 9:08,0.0067
11/18/2022 10:08,0.0068
11/18/2022 11:08,0.0066
11/18/2022 12:08,0.0067
11/18/2022 13:08,0.0067
11/18/2022 14:08,0.0066
11/18/2022 15:08,0.0069
11/18/2022 16:08,0.0068
11/18/2022 17:08,0.0066
11/18/2022 18:08,0.0067
11/18/2022 19:08,0.0069
11/18/2022 20:08,0.0069
11/18/2022 21:08,0.0067
11/18/2022 22:08,0.0067
11/18/2022 23:08,0.0066
11/19/2022 0:08,0.0067
11/19/2022 1:08,0.0067
11/19/2022 3:08,0.0066
11/19/2022 4:08,0.0248
11/19/2022 5:08,0.876
11/19/2022 6:08,1.0148
11/19/2022 7:08,1.0286
11/19/2022 8:08,1.0882
11/19/2022 9:08,0.0071
11/19/2022 10:08,0.007
11/19/2022 11:08,0.007
11/19/2022 12:08,0.007
11/19/2022 13:08,0.0066
11/19/2022 14:08,0.0066
11/19/2022 15:08,0.007
11/19/2022 16:08,0.0067
11/19/2022 17:08,0.0069
11/19/2022 18:08,0.007
11/19/2022 19:08,0.0069
11/19/2022 20:08,0.0068
11/19/2022 21:08,0.0069
11/19/2022 22:08,0.0069
11/19/2022 23:08,0.0069
11/20/2022 0:08,0.0069
11/20/2022 1:08,0.0069
11/20/2022 2:08,0.007
11/20/2022 3:08,0.007
11/20/2022 4:08,0.007
11/20/2022 5:08,0.007
11/20/2022 6:08,0.0069
11/20/2022 7:08,0.0068
11/20/2022 8:08,0.0069
11/20/2022 9:08,0.0069
11/20/2022 10:08,0.0068
11/20/2022 11:08,0.0069
11/20/2022 12:08,0.0069
11/20/2022 13:08,0.0069
11/20/2022 14:08,0.0069
11/20/2022 15:08,0.0068
11/20/2022 16:08,0.0069
11/20/2022 17:08,0.007
11/20/2022 18:08,0.0069
11/20/2022 19:08,0.0068
11/20/2022 20:08,0.0067
11/20/2022 21:08,0.007
11/20/2022 22:08,0.007
11/20/2022 23:08,0.0069
11/21/2022 0:08,0.0069
11/21/2022 1:08,0.0069
11/21/2022 2:08,0.007
11/21/2022 3:08,0.007
11/21/2022 4:08,0.007
11/21/2022 5:08,0.007
11/21/2022 6:08,0.0068
11/21/2022 7:08,0.0068
11/21/2022 8:08,0.0068
11/21/2022 9:08,0.007
11/21/2022 10:08,0.0069
11/21/2022 11:08,0.0067
11/21/2022 12:08,0.0069
11/21/2022 13:08,0.007
11/21/2022 14:08,0.0069
11/21/2022 15:08,0.0067
11/21/2022 16:08,0.0068
11/21/2022 17:08,0.007
11/21/2022 18:08,0.0068
11/21/2022 19:08,0.0068
11/21/2022 20:08,0.0068
11/21/2022 21:08,0.0067
11/21/2022 22:08,0.0068
11/21/2022 23:08,0.0067
11/22/2022 0:08,0.0068
11/22/2022 1:08,0.0068
11/22/2022 2:08,0.0074
11/22/2022 3:08,0.008
11/22/2022 4:08,0.0078
11/22/2022 5:08,0.0076
11/22/2022 6:08,0.0079
11/22/2022 7:08,0.0078
11/22/2022 8:08,0.0079
11/22/2022 9:08,0.0078
11/22/2022 10:08,0.0079
11/22/2022 11:08,0.0077
11/22/2022 12:08,0.0077
11/22/2022 13:08,0.0075
11/22/2022 14:08,0.0077
11/22/2022 15:08,0.0079
11/22/2022 16:08,0.0078
11/22/2022 17:08,0.0078
11/22/2022 18:08,0.0079
11/22/2022 19:08,0.0078
11/22/2022 20:08,0.0079
11/22/2022 21:08,0.008
11/22/2022 22:08,0.0077
11/22/2022 23:08,0.0078
11/23/2022 1:08,0.0077
11/23/2022 2:08,0.008
11/23/2022 3:08,0.008
11/23/2022 4:08,0.0081
11/23/2022 5:08,0.0079
11/23/2022 6:08,0.0078
11/23/2022 7:08,0.0079
11/23/2022 8:08,0.008
11/23/2022 9:08,0.0077
11/23/2022 10:08,0.0078
11/23/2022 11:08,0.0079
11/23/2022 12:08,0.0078
11/23/2022 13:08,0.0078
11/23/2022 14:08,0.0079
11/23/2022 15:08,0.0077
11/23/2022 16:08,0.008
11/23/2022 17:08,0.0078
11/23/2022 18:08,0.008
11/23/2022 19:08,0.0077
11/23/2022 20:08,0.008
11/23/2022 21:08,0.0079
11/23/2022 22:08,0.0077
11/23/2022 23:08,0.0079
11/24/2022 0:08,0.008
11/24/2022 1:08,0.0078
11/24/2022 2:08,0.0078
11/24/2022 3:08,0.008
11/24/2022 4:08,0.008
11/24/2022 5:08,0.008
11/24/2022 6:08,0.008
11/24/2022 7:08,0.008
11/24/2022 8:08,0.0078
11/24/2022 9:08,0.0079
11/24/2022 10:08,0.0078
11/24/2022 11:08,0.0078
11/24/2022 12:08,0.008
11/24/2022 14:08,0.0078
11/24/2022 15:08,0.008
11/24/2022 16:08,0.0079
11/24/2022 17:08,0.0079
11/24/2022 18:08,0.0079
11/24/2022 19:08,0.008
11/24/2022 20:08,0.0079
11/24/2022 21:08,0.0079
11/24/2022 22:08,0.0081
11/24/2022 23:08,0.0081
11/25/2022 0:08,0.0081
11/25/2022 1:08,0.0078
11/25/2022 2:08,0.008
11/25/2022 3:08,0.0078
11/25/2022 4:08,0.0079
11/25/2022 5:08,0.0078
11/25/2022 6:08,0.008
11/25/2022 7:08,0.008
11/25/2022 8:08,0.0078
11/25/2022 9:08,0.0078
11/25/2022 10:08,0.0078
11/25/2022 12:53,0.0078
11/25/2022 13:53,0.0082
11/25/2022 14:53,0.008
11/25/2022 15:53,0.0079
11/25/2022 16:53,0.0081
11/25/2022 17:53,0.0081
11/25/2022 18:53,0.0082
11/25/2022 19:53,0.008
11/25/2022 20:53,0.008
11/25/2022 21:53,0.0079
11/25/2022 22:53,0.0085
11/25/2022 23:53,0.0081
11/26/2022 0:53,0.008
11/26/2022 1:53,0.0082
11/26/2022 2:53,0.0258
11/26/2022 3:53,0.0259
11/26/2022 4:53,0.026
11/26/2022 5:53,0.0085
11/26/2022 6:53,0.0084
11/26/2022 7:53,0.0075
11/26/2022 8:53,0.0074
11/26/2022 9:53,0.008
11/26/2022 10:53,0.0075
11/26/2022 11:53,0.0076
11/26/2022 12:53,0.0076
11/26/2022 13:53,0.0078
11/26/2022 14:53,0.0077
11/26/2022 15:53,0.0075
11/26/2022 16:53,0.0076
11/26/2022 17:53,0.0074
11/26/2022 18:53,0.0075
11/26/2022 19:53,0.0075
11/26/2022 20:53,0.0077
11/26/2022 21:53,1.2814
11/26/2022 22:53,1.4238
11/26/2022 23:53,1.4255
11/27/2022 0:53,1.5814
11/27/2022 1:53,1.5397
11/27/2022 2:53,1.4265
11/27/2022 3:53,1.6077
11/27/2022 4:53,1.6939
11/27/2022 5:53,1.6023
11/27/2022 6:53,1.3153
11/27/2022 7:53,1.2829
11/27/2022 8:53,1.3446
11/27/2022 9:53,1.3781
11/27/2022 10:53,1.4863
11/27/2022 11:53,1.5804
11/27/2022 12:53,1.2452
11/27/2022 13:53,1.3
11/27/2022 14:53,1.3759
11/27/2022 15:53,1.2189
11/27/2022 16:53,1.2506
11/27/2022 17:53,1.2989
11/27/2022 18:53,1.2981
11/27/2022 19:53,1.4076
11/27/2022 20:53,1.3307
11/27/2022 21:53,1.2672
11/27/2022 22:53,1.2681
11/27/2022 23:53,1.1974
11/28/2022 0:53,1.5007
11/28/2022 1:53,1.354
11/28/2022 2:53,1.2804
11/28/2022 3:53,1.4336
11/28/2022 4:53,1.255
11/28/2022 5:53,1.5463
11/28/2022 6:53,1.2861
11/28/2022 7:53,1.3496
11/28/2022 8:53,1.419
11/28/2022 9:53,1.3155
11/28/2022 10:53,1.2569
11/28/2022 11:53,1.3082
11/28/2022 12:53,1.4836
11/28/2022 13:53,1.301
11/28/2022 14:53,1.291
11/28/2022 15:53,1.3724
11/28/2022 16:53,1.1979
11/28/2022 17:53,1.2425
11/28/2022 18:53,1.2575
11/28/2022 19:53,1.2247
11/28/2022 20:53,1.2309
11/28/2022 21:53,1.2819
11/28/2022 22:53,1.3344
11/28/2022 23:53,1.2912
11/29/2022 0:53,1.2488
11/29/2022 1:53,1.3059
11/29/2022 2:53,1.222
11/29/2022 3:53,1.2594
11/29/2022 4:53,1.355
11/29/2022 5:53,1.3677
11/29/2022 6:53,1.2095
11/29/2022 7:53,1.2318
11/29/2022 8:53,1.2222
11/29/2022 9:53,1.2075
11/29/2022 10:53,1.3002
11/29/2022 11:53,1.6345
11/29/2022 12:53,1.4605
11/29/2022 14:53,1.3978
11/29/2022 15:53,1.3121
11/29/2022 16:53,1.181
11/29/2022 17:53,1.339
11/29/2022 18:53,1.2958
11/29/2022 19:53,1.2828
11/29/2022 20:53,1.2837
11/29/2022 21:53,1.3025
11/29/2022 22:53,1.2239
11/29/2022 23:53,1.2253
11/30/2022 0:53,1.3425
11/30/2022 1:53,1.4009
11/30/2022 2:53,1.1987
11/30/2022 3:53,1.2481
11/30/2022 4:53,1.2265
11/30/2022 5:53,1.5076
11/30/2022 6:53,1.2729
11/30/2022 7:53,1.3203
11/30/2022 8:53,1.192
11/30/2022 10:53,1.2334
11/30/2022 11:53,1.2454
11/30/2022 12:53,1.2789
11/30/2022 13:53,1.23
11/30/2022 14:53,1.3584
11/30/2022 15:53,1.2062
11/30/2022 16:53,1.2902
11/30/2022 17:53,1.3671
11/30/2022 18:53,1.3153
11/30/2022 19:53,1.2363
11/30/2022 20:53,1.2282
11/30/2022 21:53,1.2831
11/30/2022 22:53,1.3129
11/30/2022 23:53,1.1754
12/1/2022 0:53,1.3374
12/1/2022 1:53,1.3576
12/1/2022 2:53,1.2165
12/1/2022 3:53,1.315
12/1/2022 4:53,1.2679
12/1/2022 5:53,1.4374
12/1/2022 6:53,1.3384
12/1/2022 7:53,1.2234
12/1/2022 8:53,1.2803
12/1/2022 10:23,1.1651
12/1/2022 11:23,1.3214
12/1/2022 12:23,1.2528
12/1/2022 13:23,1.2933
12/1/2022 14:23,1.313
12/1/2022 15:23,1.2931
12/1/2022 16:23,1.2923
12/1/2022 18:23,1.2669
12/1/2022 19:23,1.3095
12/1/2022 20:23,1.2743
12/1/2022 21:23,1.3194
12/1/2022 22:23,1.6924
12/1/2022 23:23,1.2089
12/2/2022 0:23,1.3985
12/2/2022 1:23,1.1921
12/2/2022 2:23,1.3552
12/2/2022 3:23,1.34
12/2/2022 4:23,1.2804
12/2/2022 5:23,1.4223
12/2/2022 6:23,1.2984
12/2/2022 7:23,1.293
12/2/2022 8:23,1.2592
12/2/2022 9:23,1.3407
12/2/2022 10:23,1.2946
12/2/2022 11:23,1.4902
12/2/2022 12:23,1.2613
12/2/2022 13:23,1.4468
12/2/2022 14:23,1.3067
12/2/2022 15:23,1.2766
12/2/2022 16:23,1.2823
12/2/2022 17:23,1.2343
12/2/2022 18:23,1.268
12/2/2022 19:23,1.2615
12/2/2022 20:23,1.258
12/2/2022 21:23,1.2215
12/2/2022 22:23,1.2657
12/2/2022 23:23,1.2248
12/3/2022 0:23,1.2696
12/3/2022 1:23,1.2702
12/3/2022 2:23,1.3969
12/3/2022 3:23,1.2863
12/3/2022 4:23,1.3021
12/3/2022 5:23,1.2374
12/3/2022 6:23,1.2302
12/3/2022 7:23,1.2953
12/3/2022 8:23,1.187
12/3/2022 9:23,1.3018
12/3/2022 10:23,1.27
12/3/2022 12:23,1.2402
12/3/2022 13:23,1.2065
12/3/2022 14:23,1.2767
12/3/2022 15:23,1.298
12/3/2022 16:23,1.3505
12/3/2022 17:23,1.2231
12/3/2022 18:23,1.272
12/3/2022 19:23,1.4252
12/3/2022 20:23,1.2655
12/3/2022 21:23,1.3962
12/3/2022 22:23,1.2362
12/3/2022 23:23,1.3559
12/4/2022 0:23,1.2529
12/4/2022 1:23,1.2799
12/4/2022 2:23,1.2741
12/4/2022 3:23,1.2607
12/4/2022 4:23,1.2747
12/4/2022 5:23,1.3179
12/4/2022 6:23,1.4065
12/4/2022 7:23,1.2501
12/4/2022 8:23,1.3103
12/4/2022 9:23,1.329
12/4/2022 10:23,1.2197
12/4/2022 11:23,1.24
12/4/2022 12:23,1.3124
12/4/2022 13:23,1.2962
12/4/2022 14:23,1.2965
12/4/2022 15:23,1.3367
12/4/2022 16:23,1.2636
12/4/2022 17:23,1.2115
12/4/2022 18:23,1.3226
12/4/2022 19:23,1.2651
12/4/2022 20:23,1.3855
12/4/2022 21:23,1.2621
12/4/2022 22:23,1.2616
12/4/2022 23:23,1.227
12/5/2022 0:23,1.2545
12/5/2022 1:23,1.2196
12/5/2022 2:23,1.3202
12/5/2022 3:23,1.2867
12/5/2022 4:23,1.3343
12/5/2022 5:23,1.243
12/5/2022 6:23,1.2477
12/5/2022 7:23,1.2937
12/5/2022 8:23,1.4027
12/5/2022 9:23,1.3366
12/5/2022 10:23,1.2442
12/5/2022 11:23,1.6937
12/5/2022 12:23,1.715
12/5/2022 13:23,1.4409
12/5/2022 14:23,1.2752
12/5/2022 15:23,1.2617
12/5/2022 16:23,1.2563
12/5/2022 17:23,1.4501
12/5/2022 18:23,1.2611
12/5/2022 19:23,1.2527
12/5/2022 20:23,1.3185
12/5/2022 21:23,1.3512
12/5/2022 22:23,1.3298
12/5/2022 23:23,1.2724
12/6/2022 0:23,1.2233
12/6/2022 1:23,1.2741
12/6/2022 2:23,1.3585
12/6/2022 3:23,1.2468
12/6/2022 4:23,1.2314
12/6/2022 5:38,1.24
12/6/2022 6:38,1.3536
12/6/2022 7:38,1.2656
12/6/2022 8:38,1.3035
12/6/2022 9:38,1.2577
12/6/2022 10:38,1.3283
12/6/2022 11:38,1.2071
12/6/2022 12:38,1.4964
12/6/2022 13:38,1.708
12/6/2022 14:38,1.2873
12/6/2022 15:38,1.3179
12/6/2022 16:38,1.2497
12/6/2022 17:38,1.2754
12/6/2022 18:38,1.2173
12/6/2022 19:38,1.3344
12/6/2022 20:38,1.411
12/6/2022 21:38,1.1795
12/6/2022 22:38,1.378
12/6/2022 23:38,1.2874
12/7/2022 0:38,1.262
12/7/2022 1:38,1.3078
12/7/2022 2:38,1.3833
12/7/2022 3:38,1.4391
12/7/2022 4:38,1.5439
12/7/2022 5:38,1.1934
12/7/2022 6:38,1.298
12/7/2022 7:38,1.197
12/7/2022 8:38,1.2426
12/7/2022 9:38,1.5239
12/7/2022 10:38,1.605
12/7/2022 11:38,1.2613
12/7/2022 12:38,1.2112
12/7/2022 13:38,1.3192
12/7/2022 14:38,1.2466
12/7/2022 15:38,1.5341
12/7/2022 16:38,1.2579
12/7/2022 17:38,1.2672
12/7/2022 18:38,1.2766
12/7/2022 19:38,1.2497
12/7/2022 20:38,1.3592
12/7/2022 21:38,1.4802
12/7/2022 22:38,1.3537
12/7/2022 23:38,1.6157
12/8/2022 0:38,1.4514
12/8/2022 1:38,1.2636
12/8/2022 2:38,1.2853
12/8/2022 3:38,1.5704
12/8/2022 4:38,1.3287
12/8/2022 5:38,1.2647
12/8/2022 6:38,1.2073
12/8/2022 7:38,1.4972
12/8/2022 8:38,1.3779
12/8/2022 9:38,1.2291
12/8/2022 10:38,1.2396
12/8/2022 11:38,1.2255
12/8/2022 12:38,1.271
12/8/2022 13:38,1.228
12/8/2022 14:38,1.2393
12/8/2022 15:38,1.2775
12/8/2022 16:38,1.2551
12/8/2022 17:38,1.2101
12/8/2022 18:38,1.2296
12/8/2022 19:38,1.2245
12/8/2022 20:38,1.2289
12/8/2022 21:38,1.2763
12/8/2022 22:38,1.2261
12/8/2022 23:38,1.2109
12/9/2022 0:38,1.1968
12/9/2022 1:38,1.2419
12/9/2022 2:38,1.3054
12/9/2022 3:38,1.4875
12/9/2022 4:38,1.3887
12/9/2022 5:38,1.1798
12/9/2022 6:38,1.2156
12/9/2022 7:38,1.3288
12/9/2022 8:38,1.2692
12/9/2022 9:38,1.3659
12/9/2022 10:38,1.2493
12/9/2022 11:38,1.3572
12/9/2022 12:38,1.3411
12/9/2022 13:38,1.2676
12/9/2022 14:38,1.3091
12/9/2022 15:38,1.2331
12/9/2022 16:38,1.2669
12/9/2022 17:38,1.3998
12/9/2022 18:38,1.2666
12/9/2022 19:38,1.2633
12/9/2022 20:38,1.2503
12/9/2022 21:38,1.2841
12/9/2022 22:38,1.2696
12/9/2022 23:38,1.2567
12/10/2022 0:38,1.2877
12/10/2022 1:38,1.3028
12/10/2022 2:38,1.2691
12/10/2022 3:38,1.3147
12/10/2022 4:38,1.3724
12/10/2022 5:38,1.2576
12/10/2022 6:38,1.3023
12/10/2022 7:38,1.304
12/10/2022 8:38,1.392
12/10/2022 9:38,1.3241
12/10/2022 10:38,1.3202
12/10/2022 11:38,1.3439
12/10/2022 12:38,1.4179
12/10/2022 13:38,1.3475
12/10/2022 14:38,1.248
12/10/2022 15:38,1.3015
12/10/2022 16:38,1.332
12/10/2022 18:38,1.2923
12/10/2022 19:38,1.3353
12/10/2022 20:38,1.3429
12/10/2022 21:38,1.2888
12/10/2022 22:38,1.2882
12/10/2022 23:38,1.3746
12/11/2022 0:38,1.3151
12/11/2022 1:38,1.3934
12/11/2022 2:38,1.3642
12/11/2022 3:38,1.3609
12/11/2022 4:38,1.2902
12/11/2022 5:38,1.3142
12/11/2022 6:38,1.2624
12/11/2022 7:38,1.3586
12/11/2022 8:38,1.3476
12/11/2022 9:38,1.2622
12/11/2022 10:38,1.3285
12/11/2022 11:38,1.2966
12/11/2022 12:38,1.5265
12/11/2022 13:38,1.3181
12/11/2022 14:38,1.2229
12/11/2022 15:38,1.2902
12/11/2022 16:38,1.2437
12/11/2022 17:38,1.2863
12/11/2022 18:38,1.2589
12/11/2022 19:38,1.2857
12/11/2022 20:38,1.2161
12/11/2022 21:38,1.203
12/11/2022 22:38,1.3882
12/11/2022 23:38,1.2579
12/12/2022 0:38,1.3363
12/12/2022 1:38,1.2426
12/12/2022 2:38,1.2286
12/12/2022 3:38,1.5545
12/12/2022 4:38,1.3392
12/12/2022 5:38,1.3828
12/12/2022 6:38,1.4128
12/12/2022 7:38,1.2941
12/12/2022 8:38,1.5202
12/12/2022 9:38,1.4011
12/12/2022 10:38,1.2327
12/12/2022 11:38,1.6015
12/12/2022 12:38,1.2407
12/12/2022 13:38,1.2428
12/12/2022 14:38,1.2841
12/12/2022 15:38,1.2892
12/12/2022 16:38,1.3156
12/12/2022 17:38,1.2785
12/12/2022 18:38,1.2282
12/12/2022 19:38,1.3149
12/12/2022 20:38,1.3071
12/12/2022 21:38,1.2654
12/12/2022 22:38,1.3071
12/12/2022 23:38,1.2393
12/13/2022 0:38,1.324
12/13/2022 1:38,1.232
12/13/2022 2:38,1.2306
12/13/2022 3:38,1.2172
12/13/2022 4:38,1.3238
12/13/2022 5:38,1.4245
12/13/2022 6:38,1.3561
12/13/2022 7:38,1.3918
12/13/2022 8:38,1.342
12/13/2022 9:38,1.2755
12/13/2022 10:38,1.2815
12/13/2022 11:38,1.2826
12/13/2022 12:38,1.2437
12/13/2022 13:38,1.2001
12/13/2022 14:38,1.2497
12/13/2022 15:38,1.3249
12/13/2022 16:38,1.4906
12/13/2022 17:38,1.2906
12/13/2022 18:38,1.3311
12/13/2022 19:38,1.3196
12/13/2022 20:38,1.5143
12/13/2022 21:38,1.2622
12/13/2022 22:38,1.2997
12/13/2022 23:38,1.2366
12/14/2022 0:38,1.3801
12/14/2022 1:38,1.3119
12/14/2022 2:38,1.2938
12/14/2022 3:38,1.3329
12/14/2022 4:38,1.2816
12/14/2022 5:38,1.3471
12/14/2022 6:38,1.3253
12/14/2022 7:38,1.2838
12/14/2022 8:38,1.2795
12/14/2022 10:38,1.3134
12/14/2022 11:38,1.4205
12/14/2022 12:38,1.2691
12/14/2022 13:38,1.3235
12/14/2022 14:38,1.3596
12/14/2022 15:38,1.3228
12/14/2022 16:38,1.2621
12/14/2022 17:38,1.2873
12/14/2022 18:38,1.2403
12/14/2022 19:38,1.241
12/14/2022 20:38,1.4212
12/14/2022 21:38,1.3101
12/14/2022 22:38,1.28
12/14/2022 23:38,1.39
12/15/2022 0:38,1.2888
12/15/2022 1:38,1.3226
12/15/2022 2:38,1.322
12/15/2022 3:38,1.3628
12/15/2022 4:38,1.2639
12/15/2022 5:38,1.3055
12/15/2022 6:38,1.2538
12/15/2022 7:38,1.2583
12/15/2022 8:38,1.2985
12/15/2022 9:38,1.4342
12/15/2022 10:38,1.2649
12/15/2022 11:19,
12/15/2022 11:19,
